Character Name,Account Handle,Time,Item,Item Count,Resource,Resource Quantity,Donor's Guild,Recipient Guild
Исилиэль,olga79,10/5/2022 12:08:03 PM,"Осколок могущества знатока подземелий",30,"Осколок могущества знатока подземелий",30,Cryptic fix please,Бизнес Корпорация
Kardiks,kardiks,10/5/2022 8:49:27 AM,"Большой купон на украшения фэйри",1,"Украшения фэйри",785,Cryptic fix please,Бизнес Корпорация
Kardiks,kardiks,10/5/2022 8:49:09 AM,"Большой купон на самоцветы",1,"Самоцветы",360,Cryptic fix please,Бизнес Корпорация
Исилиэль,olga79,9/5/2022 2:23:49 PM,"Осколок могущества знатока подземелий",30,"Осколок могущества знатока подземелий",30,Cryptic fix please,Бизнес Корпорация
OlaKa,olyaka#8269,8/5/2022 9:11:38 PM,"Осколок могущества знатока подземелий",30,"Осколок могущества знатока подземелий",30,Cryptic fix please,Бизнес Корпорация
Oddi,bonsa01,8/5/2022 7:40:17 PM,"Осколок могущества знатока подземелий",30,"Осколок могущества знатока подземелий",30,Cryptic fix please,Бизнес Корпорация
Pinkie Pie,box#8077,8/5/2022 5:55:20 PM,"Большой купон на замороженные сокровища",1,"Замороженные сокровища",810,Cryptic fix please,Бизнес Корпорация
Pinkie Pie,box#8077,8/5/2022 5:55:07 PM,"Осколок могущества знатока подземелий",30,"Осколок могущества знатока подземелий",30,Cryptic fix please,Бизнес Корпорация
Исилиэль,olga79,8/5/2022 2:28:43 PM,"Осколок могущества знатока подземелий",30,"Осколок могущества знатока подземелий",30,Cryptic fix please,Бизнес Корпорация
OlaKa,olyaka#8269,7/5/2022 9:57:10 PM,"Слеза Аурил",17,"Замороженные сокровища",1530,Cryptic fix please,Бизнес Корпорация
OlaKa,olyaka#8269,7/5/2022 9:56:40 PM,"Большой купон на самоцветы",1,"Самоцветы",360,Cryptic fix please,Бизнес Корпорация
OlaKa,olyaka#8269,7/5/2022 9:56:33 PM,"Осколок могущества знатока подземелий",45,"Осколок могущества знатока подземелий",45,Cryptic fix please,Бизнес Корпорация
Исилиэль,olga79,7/5/2022 3:20:09 PM,"Осколок могущества знатока подземелий",30,"Осколок могущества знатока подземелий",30,Cryptic fix please,Бизнес Корпорация
wАХЕРОНw,naucon,6/5/2022 9:21:47 PM,"Большой купон на очки влияния",2,"Влияние",800,Cryptic fix please,Бизнес Корпорация
Врединка,lili#6404,6/5/2022 9:02:21 PM,"Осколок могущества знатока подземелий",15,"Осколок могущества знатока подземелий",15,Cryptic fix please,Бизнес Корпорация
Врединка,lili#6404,6/5/2022 8:36:17 PM,"Аквамарин",12,"Самоцветы",180,Cryptic fix please,Бизнес Корпорация
Врединка,lili#6404,6/5/2022 8:36:11 PM,"Хризолит",1,"Самоцветы",5,Cryptic fix please,Бизнес Корпорация
Врединка,lili#6404,6/5/2022 8:36:08 PM,"Безупречный сапфир",1,"Самоцветы",50,Cryptic fix please,Бизнес Корпорация
Врединка,lili#6404,6/5/2022 8:36:06 PM,"Черная жемчужина",33,"Самоцветы",330,Cryptic fix please,Бизнес Корпорация
Врединка,lili#6404,6/5/2022 8:36:02 PM,"Осколок могущества знатока подземелий",15,"Осколок могущества знатока подземелий",15,Cryptic fix please,Бизнес Корпорация
Врединка,lili#6404,6/5/2022 8:35:58 PM,"Осколок могущества странника",10,"Осколок могущества странника",10,Cryptic fix please,Бизнес Корпорация
Oddi,bonsa01,6/5/2022 7:36:01 PM,"Осколок могущества знатока подземелий",30,"Осколок могущества знатока подземелий",30,Cryptic fix please,Бизнес Корпорация
Брис,natsu#0617,6/5/2022 5:22:06 PM,"Сущность тьмы",600,"Украшения фэйри",3000,Cryptic fix please,Бизнес Корпорация
Брис,natsu#0617,6/5/2022 5:22:01 PM,"Зелье нежити",25,"Украшения фэйри",125,Cryptic fix please,Бизнес Корпорация
Брис,natsu#0617,6/5/2022 5:21:55 PM,"Большой купон на очки влияния",6,"Влияние",2400,Cryptic fix please,Бизнес Корпорация
Брис,natsu#0617,6/5/2022 5:21:52 PM,"Большой купон на украшения фэйри",4,"Украшения фэйри",3140,Cryptic fix please,Бизнес Корпорация
Брис,natsu#0617,6/5/2022 5:21:47 PM,"Большой купон на темные дары",5,"Темные дары",4700,Cryptic fix please,Бизнес Корпорация
Брис,natsu#0617,6/5/2022 5:21:42 PM,"Большой купон на замороженные сокровища",8,"Замороженные сокровища",6480,Cryptic fix please,Бизнес Корпорация
Брис,natsu#0617,6/5/2022 5:20:53 PM,"Монеты сокровищ дракона",30,"Сокровища Тирании",150,Cryptic fix please,Бизнес Корпорация
Брис,natsu#0617,6/5/2022 5:20:41 PM,"Монеты сокровищ дракона",23,"Сокровища Тирании",115,Cryptic fix please,Бизнес Корпорация
Брис,natsu#0617,6/5/2022 5:20:30 PM,"Большой купон на астральные бриллианты",2,"Сундуки с астральными бриллиантами",40,Cryptic fix please,Бизнес Корпорация
Брис,natsu#0617,6/5/2022 5:20:24 PM,"Большой купон на самоцветы",2,"Самоцветы",720,Cryptic fix please,Бизнес Корпорация
Исилиэль,olga79,6/5/2022 12:29:48 PM,"Осколок могущества знатока подземелий",30,"Осколок могущества знатока подземелий",30,Cryptic fix please,Бизнес Корпорация
Oddi,bonsa01,5/5/2022 10:20:50 PM,"Осколок могущества знатока подземелий",30,"Осколок могущества знатока подземелий",30,Cryptic fix please,Бизнес Корпорация
Врединка,lili#6404,5/5/2022 9:09:29 PM,"Черный опал",6,"Самоцветы",600,Cryptic fix please,Бизнес Корпорация
Врединка,lili#6404,5/5/2022 9:09:26 PM,"Черная жемчужина",99,"Самоцветы",990,Cryptic fix please,Бизнес Корпорация
Врединка,lili#6404,5/5/2022 9:09:22 PM,"Александрит",4,"Самоцветы",4000,Cryptic fix please,Бизнес Корпорация
Врединка,lili#6404,5/5/2022 9:09:18 PM,"Безупречный сапфир",1,"Самоцветы",50,Cryptic fix please,Бизнес Корпорация
Врединка,lili#6404,5/5/2022 9:09:16 PM,"Аквамарин",6,"Самоцветы",90,Cryptic fix please,Бизнес Корпорация
Врединка,lili#6404,5/5/2022 9:09:13 PM,"Черная жемчужина",53,"Самоцветы",530,Cryptic fix please,Бизнес Корпорация
Врединка,lili#6404,5/5/2022 9:09:08 PM,"Осколок могущества знатока подземелий",30,"Осколок могущества знатока подземелий",30,Cryptic fix please,Бизнес Корпорация
OlaKa,olyaka#8269,5/5/2022 9:00:18 PM,"Осколок могущества знатока подземелий",15,"Осколок могущества знатока подземелий",15,Cryptic fix please,Бизнес Корпорация
Noble Entreri,manbeloy30,5/5/2022 8:18:56 PM,"Влияние",690,"Влияние",690,Cryptic fix please,Бизнес Корпорация
Noble Entreri,manbeloy30,5/5/2022 8:18:43 PM,"Осколок могущества знатока подземелий",30,"Осколок могущества знатока подземелий",30,Cryptic fix please,Бизнес Корпорация
Maserati,lena#9248,4/5/2022 11:02:20 PM,"Большой купон на очки влияния",1,"Влияние",400,Cryptic fix please,Бизнес Корпорация
Maserati,lena#9248,4/5/2022 11:02:13 PM,"Большой купон на замороженные сокровища",2,"Замороженные сокровища",1620,Cryptic fix please,Бизнес Корпорация
Maserati,lena#9248,4/5/2022 11:00:05 PM,"Монета Кенига",100,"Замороженные сокровища",1500,Cryptic fix please,Бизнес Корпорация
Maserati,lena#9248,4/5/2022 10:59:55 PM,"Тэйский свиток",100,"Темные дары",2500,Cryptic fix please,Бизнес Корпорация
Maserati,lena#9248,4/5/2022 10:59:35 PM,"Большой купон на темные дары",1,"Темные дары",940,Cryptic fix please,Бизнес Корпорация
Maserati,lena#9248,4/5/2022 10:59:31 PM,"Большой купон на украшения фэйри",14,"Украшения фэйри",10990,Cryptic fix please,Бизнес Корпорация
Maserati,lena#9248,4/5/2022 10:59:25 PM,"Большой купон на замороженные сокровища",6,"Замороженные сокровища",4860,Cryptic fix please,Бизнес Корпорация
Maserati,lena#9248,4/5/2022 10:59:17 PM,"Большой купон на астральные бриллианты",1,"Сундуки с астральными бриллиантами",20,Cryptic fix please,Бизнес Корпорация
Maserati,lena#9248,4/5/2022 10:58:27 PM,"Слава",63,"Слава",63,Cryptic fix please,Бизнес Корпорация
Maserati,lena#9248,4/5/2022 10:57:22 PM,"Большой купон на очки влияния",4,"Влияние",1600,Cryptic fix please,Бизнес Корпорация
Maserati,lena#9248,4/5/2022 10:57:15 PM,"Большой купон на темные дары",10,"Темные дары",9400,Cryptic fix please,Бизнес Корпорация
Maserati,lena#9248,4/5/2022 10:57:09 PM,"Большой купон на украшения фэйри",4,"Украшения фэйри",3140,Cryptic fix please,Бизнес Корпорация
Maserati,lena#9248,4/5/2022 10:57:04 PM,"Большой купон на замороженные сокровища",6,"Замороженные сокровища",4860,Cryptic fix please,Бизнес Корпорация
Berlin,lena#9248,4/5/2022 10:25:20 PM,"Осколок могущества странника",10,"Осколок могущества странника",10,Cryptic fix please,Бизнес Корпорация
КурокИ,torr87#2713,4/5/2022 10:20:16 PM,"Зелье нежити",80,"Украшения фэйри",400,Cryptic fix please,Бизнес Корпорация
КурокИ,torr87#2713,4/5/2022 10:20:08 PM,"Слеза Аурил",43,"Замороженные сокровища",3870,Cryptic fix please,Бизнес Корпорация
КурокИ,torr87#2713,4/5/2022 10:20:03 PM,"Золото дворфов",20,"Замороженные сокровища",1800,Cryptic fix please,Бизнес Корпорация
КурокИ,torr87#2713,4/5/2022 10:19:57 PM,"Монета Кенига",311,"Замороженные сокровища",4665,Cryptic fix please,Бизнес Корпорация
КурокИ,torr87#2713,4/5/2022 10:19:19 PM,"Большой купон на самоцветы",1,"Самоцветы",360,Cryptic fix please,Бизнес Корпорация
зеленая черепашка,torr87#2713,4/5/2022 10:10:09 PM,"Слава",5484,"Слава",5484,Cryptic fix please,Бизнес Корпорация
Maserati,lena#9248,4/5/2022 10:09:49 PM,"Тэйский свиток",200,"Темные дары",5000,Cryptic fix please,Бизнес Корпорация
зеленая черепашка,torr87#2713,4/5/2022 10:09:43 PM,"Монета Кенига",1276,"Замороженные сокровища",19140,Cryptic fix please,Бизнес Корпорация
зеленая черепашка,torr87#2713,4/5/2022 10:09:32 PM,"Зелье нежити",111,"Украшения фэйри",555,Cryptic fix please,Бизнес Корпорация
зеленая черепашка,torr87#2713,4/5/2022 10:09:25 PM,"Сущность тьмы",111,"Украшения фэйри",555,Cryptic fix please,Бизнес Корпорация
Maserati,lena#9248,4/5/2022 10:09:03 PM,"Слава",800,"Слава",800,Cryptic fix please,Бизнес Корпорация
Maserati,lena#9248,4/5/2022 10:08:35 PM,"Черная жемчужина",17,"Самоцветы",170,Cryptic fix please,Бизнес Корпорация
Maserati,lena#9248,4/5/2022 10:08:28 PM,"Большой купон на самоцветы",1,"Самоцветы",360,Cryptic fix please,Бизнес Корпорация
Maserati,lena#9248,4/5/2022 10:07:29 PM,"Медь",1000000,"Золото",100,Cryptic fix please,Бизнес Корпорация
Maserati,lena#9248,4/5/2022 10:07:13 PM,"Монеты сокровищ дракона",400,"Сокровища Тирании",2000,Cryptic fix please,Бизнес Корпорация
зеленая черепашка,torr87#2713,4/5/2022 10:07:12 PM,"Медь",1000000,"Золото",100,Cryptic fix please,Бизнес Корпорация
Maserati,lena#9248,4/5/2022 10:06:58 PM,"Монеты сокровищ дракона",1000,"Сокровища Тирании",5000,Cryptic fix please,Бизнес Корпорация
Maserati,lena#9248,4/5/2022 10:06:23 PM,"Медь",1000000,"Золото",100,Cryptic fix please,Бизнес Корпорация
зеленая черепашка,torr87#2713,4/5/2022 10:06:12 PM,"Страница магического знания",151,"Сокровища Тирании",14345,Cryptic fix please,Бизнес Корпорация
Maserati,lena#9248,4/5/2022 10:05:43 PM,"Страница магического знания",150,"Сокровища Тирании",14250,Cryptic fix please,Бизнес Корпорация
Maserati,lena#9248,4/5/2022 10:05:15 PM,"Большой купон на очки влияния",2,"Влияние",800,Cryptic fix please,Бизнес Корпорация
Maserati,lena#9248,4/5/2022 10:05:11 PM,"Тэйский свиток",500,"Темные дары",12500,Cryptic fix please,Бизнес Корпорация
Maserati,lena#9248,4/5/2022 10:05:04 PM,"Большой купон на украшения фэйри",1,"Украшения фэйри",785,Cryptic fix please,Бизнес Корпорация
Maserati,lena#9248,4/5/2022 10:05:00 PM,"Монета Кенига",500,"Замороженные сокровища",7500,Cryptic fix please,Бизнес Корпорация
Maserati,lena#9248,4/5/2022 10:04:50 PM,"Дар Лину",61,"Сокровища Тирании",25315,Cryptic fix please,Бизнес Корпорация
Maserati,lena#9248,4/5/2022 10:04:37 PM,"Большой купон на самоцветы",4,"Самоцветы",1440,Cryptic fix please,Бизнес Корпорация
Maserati,lena#9248,4/5/2022 10:04:31 PM,"Слава",8000,"Слава",8000,Cryptic fix please,Бизнес Корпорация
Maserati,lena#9248,4/5/2022 10:04:19 PM,"Осколок могущества знатока подземелий",30,"Осколок могущества знатока подземелий",30,Cryptic fix please,Бизнес Корпорация
Maserati,lena#9248,4/5/2022 10:04:15 PM,"Осколок могущества странника",10,"Осколок могущества странника",10,Cryptic fix please,Бизнес Корпорация
Krasapeta,lena#9248,4/5/2022 10:00:57 PM,"Тэйский свиток",500,"Темные дары",12500,Cryptic fix please,Бизнес Корпорация
Krasapeta,lena#9248,4/5/2022 10:00:47 PM,"Монета Кенига",400,"Замороженные сокровища",6000,Cryptic fix please,Бизнес Корпорация
Krasapeta,lena#9248,4/5/2022 10:00:39 PM,"Страница магического знания",250,"Сокровища Тирании",23750,Cryptic fix please,Бизнес Корпорация
Krasapeta,lena#9248,4/5/2022 10:00:07 PM,"Большой купон на самоцветы",8,"Самоцветы",2880,Cryptic fix please,Бизнес Корпорация
Krasapeta,lena#9248,4/5/2022 10:00:02 PM,"Слава",928,"Слава",928,Cryptic fix please,Бизнес Корпорация
Krasapeta,lena#9248,4/5/2022 9:59:49 PM,"Печать триумфа",60,"Осколок могущества завоевателя",6,Cryptic fix please,Бизнес Корпорация
ENERGY,lena#9248,4/5/2022 9:55:32 PM,"Осколок стали из драконьей кузни",7,"Сокровища Тирании",7000,Cryptic fix please,Бизнес Корпорация
ENERGY,lena#9248,4/5/2022 9:55:14 PM,"Тэйский свиток",100,"Темные дары",2500,Cryptic fix please,Бизнес Корпорация
ENERGY,lena#9248,4/5/2022 9:55:04 PM,"Большой купон на очки влияния",2,"Влияние",800,Cryptic fix please,Бизнес Корпорация
ENERGY,lena#9248,4/5/2022 9:54:50 PM,"Большой купон на украшения фэйри",7,"Украшения фэйри",5495,Cryptic fix please,Бизнес Корпорация
ENERGY,lena#9248,4/5/2022 9:54:45 PM,"Монета Кенига",300,"Замороженные сокровища",4500,Cryptic fix please,Бизнес Корпорация
ENERGY,lena#9248,4/5/2022 9:54:34 PM,"Страница магического знания",100,"Сокровища Тирании",9500,Cryptic fix please,Бизнес Корпорация
ENERGY,lena#9248,4/5/2022 9:54:23 PM,"Дар Лину",19,"Сокровища Тирании",7885,Cryptic fix please,Бизнес Корпорация
ENERGY,lena#9248,4/5/2022 9:54:14 PM,"Большой купон на астральные бриллианты",2,"Сундуки с астральными бриллиантами",40,Cryptic fix please,Бизнес Корпорация
Dance of Love,lena#9248,4/5/2022 9:45:09 PM,"Дар Лину",20,"Сокровища Тирании",8300,Cryptic fix please,Бизнес Корпорация
Dance of Love,lena#9248,4/5/2022 9:44:52 PM,"Большой купон на самоцветы",5,"Самоцветы",1800,Cryptic fix please,Бизнес Корпорация
Dance of Love,lena#9248,4/5/2022 9:44:45 PM,"Осколок могущества знатока подземелий",15,"Осколок могущества знатока подземелий",15,Cryptic fix please,Бизнес Корпорация
Moonshadow,manipuliren#8751,4/5/2022 9:42:24 PM,"Драконья кость",1,"Сокровища Тирании",250,Cryptic fix please,Бизнес Корпорация
Moonshadow,manipuliren#8751,4/5/2022 9:42:21 PM,"Купон на украшения фэйри",15,"Украшения фэйри",75,Cryptic fix please,Бизнес Корпорация
Moonshadow,manipuliren#8751,4/5/2022 9:42:16 PM,"Влияние",600,"Влияние",600,Cryptic fix please,Бизнес Корпорация
Moonshadow,manipuliren#8751,4/5/2022 9:42:06 PM,"Большой купон на самоцветы",1,"Самоцветы",360,Cryptic fix please,Бизнес Корпорация
зеленая черепашка,torr87#2713,4/5/2022 9:27:56 PM,"Дар Лину",40,"Сокровища Тирании",16600,Cryptic fix please,Бизнес Корпорация
зеленая черепашка,torr87#2713,4/5/2022 9:27:39 PM,"Большой купон на астральные бриллианты",1,"Сундуки с астральными бриллиантами",20,Cryptic fix please,Бизнес Корпорация
Bentley,torr87#2713,4/5/2022 9:25:11 PM,"Слеза Аурил",18,"Замороженные сокровища",1620,Cryptic fix please,Бизнес Корпорация
Bentley,torr87#2713,4/5/2022 9:25:07 PM,"Золото дворфов",17,"Замороженные сокровища",1530,Cryptic fix please,Бизнес Корпорация
Bentley,torr87#2713,4/5/2022 9:24:58 PM,"Страница магического знания",63,"Сокровища Тирании",5985,Cryptic fix please,Бизнес Корпорация
Bentley,torr87#2713,4/5/2022 9:24:50 PM,"Монеты сокровищ дракона",268,"Сокровища Тирании",1340,Cryptic fix please,Бизнес Корпорация
Bentley,torr87#2713,4/5/2022 9:24:39 PM,"Дар Лину",23,"Сокровища Тирании",9545,Cryptic fix please,Бизнес Корпорация
Bentley,torr87#2713,4/5/2022 9:24:26 PM,"Монета Кенига",340,"Замороженные сокровища",5100,Cryptic fix please,Бизнес Корпорация
Bentley,torr87#2713,4/5/2022 9:23:56 PM,"Слава",4362,"Слава",4362,Cryptic fix please,Бизнес Корпорация
Bentley,torr87#2713,4/5/2022 9:23:45 PM,"Осколок могущества знатока подземелий",15,"Осколок могущества знатока подземелий",15,Cryptic fix please,Бизнес Корпорация
Hayabusa,torr87#2713,4/5/2022 9:21:23 PM,"Монета Кенига",545,"Замороженные сокровища",8175,Cryptic fix please,Бизнес Корпорация
Hayabusa,torr87#2713,4/5/2022 9:21:14 PM,"Страница магического знания",11,"Сокровища Тирании",1045,Cryptic fix please,Бизнес Корпорация
Hayabusa,torr87#2713,4/5/2022 9:21:07 PM,"Страница магического знания",111,"Сокровища Тирании",10545,Cryptic fix please,Бизнес Корпорация
Dubstep,torr87#2713,4/5/2022 9:17:57 PM,"Большой купон на замороженные сокровища",2,"Замороженные сокровища",1620,Cryptic fix please,Бизнес Корпорация
Dubstep,torr87#2713,4/5/2022 9:17:51 PM,"Дар Лину",3,"Сокровища Тирании",1245,Cryptic fix please,Бизнес Корпорация
Dubstep,torr87#2713,4/5/2022 9:17:45 PM,"Страница магического знания",85,"Сокровища Тирании",8075,Cryptic fix please,Бизнес Корпорация
КурокИ,torr87#2713,4/5/2022 9:15:42 PM,"Дар Лину",55,"Сокровища Тирании",22825,Cryptic fix please,Бизнес Корпорация
КурокИ,torr87#2713,4/5/2022 9:15:32 PM,"Монета Кенига",454,"Замороженные сокровища",6810,Cryptic fix please,Бизнес Корпорация
КурокИ,torr87#2713,4/5/2022 9:15:02 PM,"Большой купон на темные дары",6,"Темные дары",5640,Cryptic fix please,Бизнес Корпорация
КурокИ,torr87#2713,4/5/2022 9:14:28 PM,"Черная жемчужина",11,"Самоцветы",110,Cryptic fix please,Бизнес Корпорация
OlaKa,olyaka#8269,4/5/2022 8:54:54 PM,"Осколок могущества знатока подземелий",15,"Осколок могущества знатока подземелий",15,Cryptic fix please,Бизнес Корпорация
Noble Entreri,manbeloy30,4/5/2022 7:55:06 PM,"Влияние",314,"Влияние",314,Cryptic fix please,Бизнес Корпорация
Noble Entreri,manbeloy30,4/5/2022 7:55:03 PM,"Влияние",999,"Влияние",999,Cryptic fix please,Бизнес Корпорация
Noble Entreri,manbeloy30,4/5/2022 7:55:01 PM,"Влияние",999,"Влияние",999,Cryptic fix please,Бизнес Корпорация
Noble Entreri,manbeloy30,4/5/2022 7:54:57 PM,"Влияние",999,"Влияние",999,Cryptic fix please,Бизнес Корпорация
Noble Entreri,manbeloy30,4/5/2022 7:54:54 PM,"Влияние",999,"Влияние",999,Cryptic fix please,Бизнес Корпорация
Noble Entreri,manbeloy30,4/5/2022 7:54:49 PM,"Краденые темные дары",10,"Темные дары",250,Cryptic fix please,Бизнес Корпорация
Noble Entreri,manbeloy30,4/5/2022 7:54:45 PM,"Краденые украшения фэйри",8,"Украшения фэйри",400,Cryptic fix please,Бизнес Корпорация
Noble Entreri,manbeloy30,4/5/2022 7:54:40 PM,"Краденые замороженные сокровища",7,"Замороженные сокровища",525,Cryptic fix please,Бизнес Корпорация
Noble Entreri,manbeloy30,4/5/2022 7:54:34 PM,"Краденые сокровища Тирании",5,"Сокровища Тирании",125,Cryptic fix please,Бизнес Корпорация
Noble Entreri,manbeloy30,4/5/2022 7:54:19 PM,"Большой купон на самоцветы",5,"Самоцветы",1800,Cryptic fix please,Бизнес Корпорация
Noble Entreri,manbeloy30,4/5/2022 7:54:10 PM,"Осколок могущества знатока подземелий",330,"Осколок могущества знатока подземелий",330,Cryptic fix please,Бизнес Корпорация
Исилиэль,olga79,4/5/2022 5:19:40 PM,"Осколок могущества знатока подземелий",30,"Осколок могущества знатока подземелий",30,Cryptic fix please,Бизнес Корпорация
СладкийЯд,woin2,4/5/2022 4:51:16 PM,"Осколок могущества знатока подземелий",30,"Осколок могущества знатока подземелий",30,Демоническая тень,Бизнес Корпорация
Прикол,blagorit,4/5/2022 7:30:09 AM,"Осколок могущества знатока подземелий",30,"Осколок могущества знатока подземелий",30,Демоническая тень,Бизнес Корпорация
.Бу.,dikafau,3/5/2022 11:14:29 PM,"Большой купон на очки влияния",1,"Влияние",400,Cryptic fix please,Бизнес Корпорация
.Бу.,dikafau,3/5/2022 11:14:18 PM,"Большой купон на астральные бриллианты",4,"Сундуки с астральными бриллиантами",80,Cryptic fix please,Бизнес Корпорация
.Бу.,dikafau,3/5/2022 11:14:10 PM,"Осколок могущества знатока подземелий",30,"Осколок могущества знатока подземелий",30,Cryptic fix please,Бизнес Корпорация
Врединка,lili#6404,3/5/2022 9:38:45 PM,"Черный опал",9,"Самоцветы",900,Cryptic fix please,Бизнес Корпорация
Врединка,lili#6404,3/5/2022 9:38:41 PM,"Черная жемчужина",53,"Самоцветы",530,Cryptic fix please,Бизнес Корпорация
Врединка,lili#6404,3/5/2022 9:38:37 PM,"Жадеит",1,"Самоцветы",250,Cryptic fix please,Бизнес Корпорация
Врединка,lili#6404,3/5/2022 9:38:35 PM,"Аквамарин",4,"Самоцветы",60,Cryptic fix please,Бизнес Корпорация
Врединка,lili#6404,3/5/2022 9:38:31 PM,"Осколок могущества знатока подземелий",30,"Осколок могущества знатока подземелий",30,Cryptic fix please,Бизнес Корпорация
OlaKa,olyaka#8269,3/5/2022 9:38:20 PM,"Осколок могущества знатока подземелий",30,"Осколок могущества знатока подземелий",30,Cryptic fix please,Бизнес Корпорация
Лектор,toptoptop12,3/5/2022 9:15:03 PM,"Осколок могущества знатока подземелий",120,"Осколок могущества знатока подземелий",120,Cryptic fix please,Бизнес Корпорация
Oddi,bonsa01,3/5/2022 7:43:26 PM,"Осколок могущества знатока подземелий",15,"Осколок могущества знатока подземелий",15,Cryptic fix please,Бизнес Корпорация
Oddi,bonsa01,3/5/2022 7:29:05 PM,"Большой купон на самоцветы",1,"Самоцветы",360,Cryptic fix please,Бизнес Корпорация
Oddi,bonsa01,3/5/2022 7:28:59 PM,"Осколок могущества знатока подземелий",15,"Осколок могущества знатока подземелий",15,Cryptic fix please,Бизнес Корпорация
OlaKa,olyaka#8269,3/5/2022 3:04:16 PM,"Большой купон на самоцветы",1,"Самоцветы",360,Cryptic fix please,Бизнес Корпорация
OlaKa,olyaka#8269,3/5/2022 3:04:06 PM,"Осколок могущества знатока подземелий",60,"Осколок могущества знатока подземелий",60,Cryptic fix please,Бизнес Корпорация
OlaKa,olyaka#8269,3/5/2022 3:04:01 PM,"Героический осколок могущества",2,"Героический осколок могущества",2,Cryptic fix please,Бизнес Корпорация
Исилиэль,olga79,3/5/2022 2:31:28 PM,"Осколок могущества знатока подземелий",30,"Осколок могущества знатока подземелий",30,Cryptic fix please,Бизнес Корпорация
Tengen,nevername228,3/5/2022 1:03:55 PM,"Большой купон на очки влияния",2,"Влияние",800,Cryptic fix please,Бизнес Корпорация
Tengen,nevername228,3/5/2022 1:03:52 PM,"Большой купон на темные дары",1,"Темные дары",940,Cryptic fix please,Бизнес Корпорация
Tengen,nevername228,3/5/2022 1:03:49 PM,"Большой купон на замороженные сокровища",2,"Замороженные сокровища",1620,Cryptic fix please,Бизнес Корпорация
Tengen,nevername228,3/5/2022 1:03:46 PM,"Большой купон на сокровища Тирании",2,"Сокровища Тирании",7390,Cryptic fix please,Бизнес Корпорация
Tengen,nevername228,3/5/2022 1:03:38 PM,"Большой купон на самоцветы",2,"Самоцветы",720,Cryptic fix please,Бизнес Корпорация
Iverty,pro100isanders#2591,2/5/2022 7:11:09 PM,"Осколок могущества знатока подземелий",15,"Осколок могущества знатока подземелий",15,Cryptic fix please,Бизнес Корпорация
Гуннар,kramola,2/5/2022 3:13:04 PM,"Большой купон на самоцветы",1,"Самоцветы",360,Хранители Долины Теней,Бизнес Корпорация
Trabls,kramola,2/5/2022 2:56:53 PM,"Большой купон на самоцветы",1,"Самоцветы",360,Демоническая тень,Бизнес Корпорация
Исилиэль,olga79,2/5/2022 2:20:09 PM,"Осколок могущества знатока подземелий",30,"Осколок могущества знатока подземелий",30,Cryptic fix please,Бизнес Корпорация
wАХЕРОНw,naucon,2/5/2022 2:18:01 AM,"Большой купон на темные дары",2,"Темные дары",1880,Cryptic fix please,Бизнес Корпорация
wАХЕРОНw,naucon,2/5/2022 2:17:55 AM,"Большой купон на замороженные сокровища",1,"Замороженные сокровища",810,Cryptic fix please,Бизнес Корпорация
wАХЕРОНw,naucon,2/5/2022 2:17:47 AM,"Большой купон на самоцветы",1,"Самоцветы",360,Cryptic fix please,Бизнес Корпорация
Врединка,lili#6404,1/5/2022 9:09:16 PM,"Черный опал",17,"Самоцветы",1700,Cryptic fix please,Бизнес Корпорация
Врединка,lili#6404,1/5/2022 9:09:13 PM,"Черная жемчужина",26,"Самоцветы",260,Cryptic fix please,Бизнес Корпорация
Врединка,lili#6404,1/5/2022 9:09:10 PM,"Черная жемчужина",99,"Самоцветы",990,Cryptic fix please,Бизнес Корпорация
Врединка,lili#6404,1/5/2022 9:09:05 PM,"Черная жемчужина",99,"Самоцветы",990,Cryptic fix please,Бизнес Корпорация
Врединка,lili#6404,1/5/2022 9:09:01 PM,"Черная жемчужина",99,"Самоцветы",990,Cryptic fix please,Бизнес Корпорация
Врединка,lili#6404,1/5/2022 9:08:57 PM,"Осколок могущества знатока подземелий",60,"Осколок могущества знатока подземелий",60,Cryptic fix please,Бизнес Корпорация
Исилиэль,olga79,1/5/2022 3:41:50 PM,"Планы ордена громил",100,"Украшения фэйри",500,Cryptic fix please,Бизнес Корпорация
Исилиэль,olga79,1/5/2022 3:41:37 PM,"Осколок могущества знатока подземелий",30,"Осколок могущества знатока подземелий",30,Cryptic fix please,Бизнес Корпорация
Oddi,bonsa01,1/5/2022 1:53:42 PM,"Влияние",400,"Влияние",400,Cryptic fix please,Бизнес Корпорация
Oddi,bonsa01,1/5/2022 1:53:35 PM,"Краденые темные дары",1,"Темные дары",25,Cryptic fix please,Бизнес Корпорация
Oddi,bonsa01,1/5/2022 1:53:29 PM,"Краденые украшения фэйри",1,"Украшения фэйри",50,Cryptic fix please,Бизнес Корпорация
Oddi,bonsa01,1/5/2022 1:53:08 PM,"Краденые сокровища Тирании",4,"Сокровища Тирании",100,Cryptic fix please,Бизнес Корпорация
Oddi,bonsa01,1/5/2022 1:52:53 PM,"Осколок могущества знатока подземелий",30,"Осколок могущества знатока подземелий",30,Cryptic fix please,Бизнес Корпорация
Oddi,bonsa01,1/5/2022 12:41:06 AM,"Влияние",520,"Влияние",520,Cryptic fix please,Бизнес Корпорация
Oddi,bonsa01,1/5/2022 12:40:42 AM,"Краденые замороженные сокровища",1,"Замороженные сокровища",75,Cryptic fix please,Бизнес Корпорация
Oddi,bonsa01,1/5/2022 12:40:32 AM,"Большой купон на сокровища Тирании",1,"Сокровища Тирании",3695,Cryptic fix please,Бизнес Корпорация
Oddi,bonsa01,1/5/2022 12:40:24 AM,"Краденые сокровища Тирании",1,"Сокровища Тирании",25,Cryptic fix please,Бизнес Корпорация
Oddi,bonsa01,1/5/2022 12:39:58 AM,"Осколок могущества знатока подземелий",90,"Осколок могущества знатока подземелий",90,Cryptic fix please,Бизнес Корпорация
Лектор,toptoptop12,30/4/2022 7:57:26 PM,"Слеза Аурил",11,"Замороженные сокровища",990,Cryptic fix please,Бизнес Корпорация
Лектор,toptoptop12,30/4/2022 7:57:21 PM,"Золото дворфов",11,"Замороженные сокровища",990,Cryptic fix please,Бизнес Корпорация
Лектор,toptoptop12,30/4/2022 7:57:16 PM,"Монета Кенига",330,"Замороженные сокровища",4950,Cryptic fix please,Бизнес Корпорация
Лектор,toptoptop12,30/4/2022 7:57:03 PM,"Секрет Культа",26,"Сокровища Тирании",2340,Cryptic fix please,Бизнес Корпорация
Лектор,toptoptop12,30/4/2022 7:56:55 PM,"Страница магического знания",210,"Сокровища Тирании",19950,Cryptic fix please,Бизнес Корпорация
Лектор,toptoptop12,30/4/2022 7:56:42 PM,"Дар Лину",133,"Сокровища Тирании",55195,Cryptic fix please,Бизнес Корпорация
Исилиэль,olga79,30/4/2022 3:14:44 PM,"Осколок могущества знатока подземелий",30,"Осколок могущества знатока подземелий",30,Cryptic fix please,Бизнес Корпорация
OlaKa,olyaka#8269,30/4/2022 11:48:01 AM,"Страница магического знания",145,"Сокровища Тирании",13775,Cryptic fix please,Бизнес Корпорация
OlaKa,olyaka#8269,30/4/2022 11:47:12 AM,"Дар Лину",2,"Сокровища Тирании",830,Cryptic fix please,Бизнес Корпорация
OlaKa,olyaka#8269,30/4/2022 11:46:40 AM,"Осколок могущества знатока подземелий",60,"Осколок могущества знатока подземелий",60,Cryptic fix please,Бизнес Корпорация
OlaKa,olyaka#8269,30/4/2022 11:46:36 AM,"Осколок могущества странника",10,"Осколок могущества странника",10,Cryptic fix please,Бизнес Корпорация
Moonshadow,manipuliren#8751,30/4/2022 12:12:13 AM,"Страница магического знания",15,"Сокровища Тирании",1425,Cryptic fix please,Бизнес Корпорация
Moonshadow,manipuliren#8751,30/4/2022 12:12:03 AM,"Монета Кенига",10,"Замороженные сокровища",150,Cryptic fix please,Бизнес Корпорация
Moonshadow,manipuliren#8751,30/4/2022 12:11:57 AM,"Монеты сокровищ дракона",400,"Сокровища Тирании",2000,Cryptic fix please,Бизнес Корпорация
Moonshadow,manipuliren#8751,30/4/2022 12:11:38 AM,"Героический осколок могущества",7,"Героический осколок могущества",7,Cryptic fix please,Бизнес Корпорация
Moonshadow,manipuliren#8751,29/4/2022 11:45:12 PM,"Большой купон на темные дары",2,"Темные дары",1880,Cryptic fix please,Бизнес Корпорация
Moonshadow,manipuliren#8751,29/4/2022 11:45:08 PM,"Большой купон на украшения фэйри",10,"Украшения фэйри",7850,Cryptic fix please,Бизнес Корпорация
Moonshadow,manipuliren#8751,29/4/2022 11:45:03 PM,"Большой купон на замороженные сокровища",2,"Замороженные сокровища",1620,Cryptic fix please,Бизнес Корпорация
Moonshadow,manipuliren#8751,29/4/2022 11:44:59 PM,"Большой купон на сокровища Тирании",10,"Сокровища Тирании",36950,Cryptic fix please,Бизнес Корпорация
Moonshadow,manipuliren#8751,29/4/2022 11:44:52 PM,"Большой купон на самоцветы",1,"Самоцветы",360,Cryptic fix please,Бизнес Корпорация
Shinobu,nevername228,29/4/2022 11:41:29 PM,"Большой купон на очки влияния",12,"Влияние",4800,Cryptic fix please,Бизнес Корпорация
Shinobu,nevername228,29/4/2022 11:41:20 PM,"Александрит",62,"Самоцветы",62000,Cryptic fix please,Бизнес Корпорация
Shinobu,nevername228,29/4/2022 11:40:47 PM,"Большой купон на самоцветы",10,"Самоцветы",3600,Cryptic fix please,Бизнес Корпорация
Kardiks,kardiks,29/4/2022 9:21:06 PM,"Большой купон на самоцветы",1,"Самоцветы",360,Cryptic fix please,Бизнес Корпорация
Kardiks,kardiks,29/4/2022 9:21:01 PM,"Осколок могущества знатока подземелий",15,"Осколок могущества знатока подземелий",15,Cryptic fix please,Бизнес Корпорация
Лектор,toptoptop12,29/4/2022 8:40:25 PM,"Мифриловая руда",72,"Товары для ремесленников",1152,Cryptic fix please,Бизнес Корпорация
Лектор,toptoptop12,29/4/2022 8:40:20 PM,"Моток хлопка +1",396,"Товары для ремесленников",792,Cryptic fix please,Бизнес Корпорация
Лектор,toptoptop12,29/4/2022 8:40:15 PM,"Необработанный аквамарин",48,"Товары для ремесленников",960,Cryptic fix please,Бизнес Корпорация
Лектор,toptoptop12,29/4/2022 8:40:10 PM,"Потроха медведя",132,"Товары для ремесленников",1584,Cryptic fix please,Бизнес Корпорация
Лектор,toptoptop12,29/4/2022 8:40:05 PM,"Пчелиный воск",12,"Товары для ремесленников",384,Cryptic fix please,Бизнес Корпорация
Лектор,toptoptop12,29/4/2022 8:40:00 PM,"Ртуть",40,"Товары для ремесленников",40,Cryptic fix please,Бизнес Корпорация
Лектор,toptoptop12,29/4/2022 8:39:55 PM,"Руно +1",48,"Товары для ремесленников",384,Cryptic fix please,Бизнес Корпорация
Лектор,toptoptop12,29/4/2022 8:39:50 PM,"Рыбьи кости",201,"Товары для ремесленников",2412,Cryptic fix please,Бизнес Корпорация
Лектор,toptoptop12,29/4/2022 8:39:45 PM,"Сырой аметист",60,"Товары для ремесленников",720,Cryptic fix please,Бизнес Корпорация
Лектор,toptoptop12,29/4/2022 8:39:38 PM,"Устрица-черногубка",300,"Товары для ремесленников",4800,Cryptic fix please,Бизнес Корпорация
Лектор,toptoptop12,29/4/2022 8:39:33 PM,"Шкура животного +1",60,"Товары для ремесленников",120,Cryptic fix please,Бизнес Корпорация
Лектор,toptoptop12,29/4/2022 8:39:22 PM,"Рыбий клей",39,"Товары для ремесленников",936,Cryptic fix please,Бизнес Корпорация
Лектор,toptoptop12,29/4/2022 8:39:14 PM,"Шкура динозавра",109,"Товары для ремесленников",21800,Cryptic fix please,Бизнес Корпорация
Лектор,toptoptop12,29/4/2022 8:39:04 PM,"Осколок могущества знатока подземелий",30,"Осколок могущества знатока подземелий",30,Cryptic fix please,Бизнес Корпорация
Darkside,briko312,29/4/2022 8:27:04 PM,"Сущность тьмы",600,"Украшения фэйри",3000,Cryptic fix please,Бизнес Корпорация
Darkside,briko312,29/4/2022 8:26:42 PM,"Большой купон на астральные бриллианты",1,"Сундуки с астральными бриллиантами",20,Cryptic fix please,Бизнес Корпорация
Исилиэль,olga79,29/4/2022 12:21:41 PM,"Осколок могущества знатока подземелий",30,"Осколок могущества знатока подземелий",30,Cryptic fix please,Бизнес Корпорация
Kardiks,kardiks,28/4/2022 9:57:38 PM,"Медь",100000,"Золото",10,Cryptic fix please,Бизнес Корпорация
Kardiks,kardiks,28/4/2022 9:56:22 PM,"Знак дракона",8,"Сокровища Тирании",800,Cryptic fix please,Бизнес Корпорация
Kardiks,kardiks,28/4/2022 9:56:00 PM,"Монеты сокровищ дракона",523,"Сокровища Тирании",2615,Cryptic fix please,Бизнес Корпорация
Kardiks,kardiks,28/4/2022 9:54:14 PM,"Осколок могущества знатока подземелий",15,"Осколок могущества знатока подземелий",15,Cryptic fix please,Бизнес Корпорация
Лектор,toptoptop12,28/4/2022 9:18:20 PM,"Осколок могущества знатока подземелий",68,"Осколок могущества знатока подземелий",68,Cryptic fix please,Бизнес Корпорация
Врединка,lili#6404,28/4/2022 8:43:54 PM,"Монеты сокровищ дракона",500,"Сокровища Тирании",2500,Cryptic fix please,Бизнес Корпорация
Врединка,lili#6404,28/4/2022 8:43:40 PM,"Большой купон на астральные бриллианты",2,"Сундуки с астральными бриллиантами",40,Cryptic fix please,Бизнес Корпорация
Врединка,lili#6404,28/4/2022 8:43:29 PM,"Кровавый рубин",2,"Самоцветы",1000,Cryptic fix please,Бизнес Корпорация
Врединка,lili#6404,28/4/2022 8:43:25 PM,"Жадеит",8,"Самоцветы",2000,Cryptic fix please,Бизнес Корпорация
Врединка,lili#6404,28/4/2022 8:43:20 PM,"Черный опал",2,"Самоцветы",200,Cryptic fix please,Бизнес Корпорация
Врединка,lili#6404,28/4/2022 8:43:14 PM,"Большой купон на самоцветы",1,"Самоцветы",360,Cryptic fix please,Бизнес Корпорация
Врединка,lili#6404,28/4/2022 8:43:10 PM,"Черная жемчужина",2,"Самоцветы",20,Cryptic fix please,Бизнес Корпорация
Врединка,lili#6404,28/4/2022 8:43:03 PM,"Хризолит",6,"Самоцветы",30,Cryptic fix please,Бизнес Корпорация
Врединка,lili#6404,28/4/2022 8:42:53 PM,"Малый купон на товары для ремесленников",5,"Товары для ремесленников",325,Cryptic fix please,Бизнес Корпорация
Врединка,lili#6404,28/4/2022 8:42:47 PM,"Осколок могущества знатока подземелий",280,"Осколок могущества знатока подземелий",280,Cryptic fix please,Бизнес Корпорация
OlaKa,olyaka#8269,28/4/2022 8:04:05 PM,"Осколок могущества странника",10,"Осколок могущества странника",10,Cryptic fix please,Бизнес Корпорация
ШрабикуS,sigimigipigi#2991,28/4/2022 7:42:36 PM,"Влияние",175,"Влияние",175,Cryptic fix please,Бизнес Корпорация
ШрабикуS,sigimigipigi#2991,28/4/2022 7:42:31 PM,"Осколок могущества странника",10,"Осколок могущества странника",10,Cryptic fix please,Бизнес Корпорация
ШрабикуS,sigimigipigi#2991,28/4/2022 7:42:28 PM,"Героический осколок могущества",20,"Героический осколок могущества",20,Cryptic fix please,Бизнес Корпорация
ШрабикуS,sigimigipigi#2991,28/4/2022 7:32:05 PM,"Черный опал",6,"Самоцветы",600,Cryptic fix please,Бизнес Корпорация
ШрабикуS,sigimigipigi#2991,28/4/2022 7:32:01 PM,"Большой купон на самоцветы",1,"Самоцветы",360,Cryptic fix please,Бизнес Корпорация
ШрабикуS,sigimigipigi#2991,28/4/2022 7:31:55 PM,"Осколок стали из драконьей кузни",1,"Сокровища Тирании",1000,Cryptic fix please,Бизнес Корпорация
ШрабикуS,sigimigipigi#2991,28/4/2022 7:31:51 PM,"Дар Лину",1,"Сокровища Тирании",415,Cryptic fix please,Бизнес Корпорация
ШрабикуS,sigimigipigi#2991,28/4/2022 7:31:48 PM,"Краденые сокровища Тирании",1,"Сокровища Тирании",25,Cryptic fix please,Бизнес Корпорация
ШрабикуS,sigimigipigi#2991,28/4/2022 7:31:45 PM,"Краденые украшения фэйри",1,"Украшения фэйри",50,Cryptic fix please,Бизнес Корпорация
ШрабикуS,sigimigipigi#2991,28/4/2022 7:31:41 PM,"Краденые темные дары",1,"Темные дары",25,Cryptic fix please,Бизнес Корпорация
ШрабикуS,sigimigipigi#2991,28/4/2022 7:31:38 PM,"Большой купон на темные дары",1,"Темные дары",940,Cryptic fix please,Бизнес Корпорация
ШрабикуS,sigimigipigi#2991,28/4/2022 7:31:33 PM,"Осколок могущества знатока подземелий",60,"Осколок могущества знатока подземелий",60,Cryptic fix please,Бизнес Корпорация
Исилиэль,olga79,28/4/2022 5:55:37 PM,"Монеты сокровищ дракона",100,"Сокровища Тирании",500,Cryptic fix please,Бизнес Корпорация
Исилиэль,olga79,28/4/2022 5:55:23 PM,"Монета Кенига",100,"Замороженные сокровища",1500,Cryptic fix please,Бизнес Корпорация
Исилиэль,olga79,28/4/2022 5:55:14 PM,"Планы ордена громил",100,"Украшения фэйри",500,Cryptic fix please,Бизнес Корпорация
Исилиэль,olga79,28/4/2022 5:54:53 PM,"Осколок могущества знатока подземелий",30,"Осколок могущества знатока подземелий",30,Cryptic fix please,Бизнес Корпорация
Молчун,moltchun,27/4/2022 7:27:04 PM,"Сущность тьмы",75,"Украшения фэйри",375,Cryptic fix please,Бизнес Корпорация
Молчун,moltchun,27/4/2022 7:25:16 PM,"Тэйский свиток",408,"Темные дары",10200,Cryptic fix please,Бизнес Корпорация
Молчун,moltchun,27/4/2022 7:25:02 PM,"Тэйский свиток",100,"Темные дары",2500,Cryptic fix please,Бизнес Корпорация
ШрабикуS,sigimigipigi#2991,27/4/2022 7:18:38 PM,"Черная жемчужина",99,"Самоцветы",990,Cryptic fix please,Бизнес Корпорация
ШрабикуS,sigimigipigi#2991,27/4/2022 7:18:34 PM,"Черная жемчужина",99,"Самоцветы",990,Cryptic fix please,Бизнес Корпорация
ШрабикуS,sigimigipigi#2991,27/4/2022 7:18:31 PM,"Черная жемчужина",99,"Самоцветы",990,Cryptic fix please,Бизнес Корпорация
ШрабикуS,sigimigipigi#2991,27/4/2022 7:18:27 PM,"Аквамарин",99,"Самоцветы",1485,Cryptic fix please,Бизнес Корпорация
ШрабикуS,sigimigipigi#2991,27/4/2022 7:17:36 PM,"Краденые темные дары",1,"Темные дары",25,Cryptic fix please,Бизнес Корпорация
ШрабикуS,sigimigipigi#2991,27/4/2022 7:17:31 PM,"Большой купон на украшения фэйри",1,"Украшения фэйри",785,Cryptic fix please,Бизнес Корпорация
ШрабикуS,sigimigipigi#2991,27/4/2022 7:17:27 PM,"Влияние",345,"Влияние",345,Cryptic fix please,Бизнес Корпорация
ШрабикуS,sigimigipigi#2991,27/4/2022 7:17:22 PM,"Жадеит",99,"Самоцветы",24750,Cryptic fix please,Бизнес Корпорация
ШрабикуS,sigimigipigi#2991,27/4/2022 7:17:00 PM,"Кровавый рубин",29,"Самоцветы",14500,Cryptic fix please,Бизнес Корпорация
ШрабикуS,sigimigipigi#2991,27/4/2022 7:16:55 PM,"Черный опал",99,"Самоцветы",9900,Cryptic fix please,Бизнес Корпорация
ШрабикуS,sigimigipigi#2991,27/4/2022 7:16:53 PM,"Черный опал",99,"Самоцветы",9900,Cryptic fix please,Бизнес Корпорация
ШрабикуS,sigimigipigi#2991,27/4/2022 7:16:21 PM,"Жадеит",27,"Самоцветы",6750,Cryptic fix please,Бизнес Корпорация
ШрабикуS,sigimigipigi#2991,27/4/2022 7:16:15 PM,"Александрит",8,"Самоцветы",8000,Cryptic fix please,Бизнес Корпорация
ШрабикуS,sigimigipigi#2991,27/4/2022 7:16:07 PM,"Слава",520,"Слава",520,Cryptic fix please,Бизнес Корпорация
ШрабикуS,sigimigipigi#2991,27/4/2022 7:16:01 PM,"Осколок могущества странника",10,"Осколок могущества странника",10,Cryptic fix please,Бизнес Корпорация
ШрабикуS,sigimigipigi#2991,27/4/2022 7:15:58 PM,"Героический осколок могущества",20,"Героический осколок могущества",20,Cryptic fix please,Бизнес Корпорация
Молчун,moltchun,27/4/2022 7:12:19 PM,"Страница магического знания",2,"Сокровища Тирании",190,Cryptic fix please,Бизнес Корпорация
Молчун,moltchun,27/4/2022 7:12:07 PM,"Страница магического знания",5,"Сокровища Тирании",475,Cryptic fix please,Бизнес Корпорация
Молчун,moltchun,27/4/2022 7:10:23 PM,"Осколок стали из драконьей кузни",1,"Сокровища Тирании",1000,Cryptic fix please,Бизнес Корпорация
Молчун,moltchun,27/4/2022 7:10:10 PM,"Осколок стали из драконьей кузни",15,"Сокровища Тирании",15000,Cryptic fix please,Бизнес Корпорация
Молчун,moltchun,27/4/2022 7:10:01 PM,"Осколок стали из драконьей кузни",30,"Сокровища Тирании",30000,Cryptic fix please,Бизнес Корпорация
Молчун,moltchun,27/4/2022 7:09:07 PM,"Большой купон на самоцветы",14,"Самоцветы",5040,Cryptic fix please,Бизнес Корпорация
Лектор,dikafau,27/4/2022 1:37:38 PM,"Влияние",300,"Влияние",300,Cryptic fix please,Бизнес Корпорация
Oddi,bonsa01,26/4/2022 11:21:52 PM,"Краденые украшения фэйри",2,"Украшения фэйри",100,Cryptic fix please,Бизнес Корпорация
Oddi,bonsa01,26/4/2022 11:21:43 PM,"Краденые темные дары",1,"Темные дары",25,Cryptic fix please,Бизнес Корпорация
Oddi,bonsa01,26/4/2022 11:21:36 PM,"Влияние",315,"Влияние",315,Cryptic fix please,Бизнес Корпорация
Лектор,toptoptop12,26/4/2022 9:34:36 PM,"Большой купон на самоцветы",1,"Самоцветы",360,Cryptic fix please,Бизнес Корпорация
Лектор,toptoptop12,26/4/2022 9:21:37 PM,"Сущность тьмы",8125,"Украшения фэйри",40625,Cryptic fix please,Бизнес Корпорация
Лектор,toptoptop12,26/4/2022 9:21:12 PM,"Осколок стали из драконьей кузни",58,"Сокровища Тирании",58000,Cryptic fix please,Бизнес Корпорация
Лектор,toptoptop12,26/4/2022 9:20:29 PM,"Осколок могущества странника",10,"Осколок могущества странника",10,Cryptic fix please,Бизнес Корпорация
Лектор,toptoptop12,26/4/2022 9:19:49 PM,"Осколок могущества знатока подземелий",22,"Осколок могущества знатока подземелий",22,Cryptic fix please,Бизнес Корпорация
МиНзДрАв,leon#5762,26/4/2022 9:02:41 PM,"Большой купон на очки влияния",7,"Влияние",2800,Cryptic fix please,Бизнес Корпорация
МиНзДрАв,leon#5762,26/4/2022 9:02:38 PM,"Большой купон на темные дары",6,"Темные дары",5640,Cryptic fix please,Бизнес Корпорация
МиНзДрАв,leon#5762,26/4/2022 9:02:34 PM,"Большой купон на украшения фэйри",7,"Украшения фэйри",5495,Cryptic fix please,Бизнес Корпорация
МиНзДрАв,leon#5762,26/4/2022 9:02:30 PM,"Большой купон на замороженные сокровища",6,"Замороженные сокровища",4860,Cryptic fix please,Бизнес Корпорация
МиНзДрАв,leon#5762,26/4/2022 9:02:27 PM,"Большой купон на сокровища Тирании",7,"Сокровища Тирании",25865,Cryptic fix please,Бизнес Корпорация
МиНзДрАв,leon#5762,26/4/2022 9:02:20 PM,"Черная жемчужина",24,"Самоцветы",240,Cryptic fix please,Бизнес Корпорация
МиНзДрАв,leon#5762,26/4/2022 9:02:17 PM,"Кровавый рубин",4,"Самоцветы",2000,Cryptic fix please,Бизнес Корпорация
МиНзДрАв,leon#5762,26/4/2022 9:02:13 PM,"Черный опал",25,"Самоцветы",2500,Cryptic fix please,Бизнес Корпорация
МиНзДрАв,leon#5762,26/4/2022 9:02:10 PM,"Безупречный сапфир",2,"Самоцветы",100,Cryptic fix please,Бизнес Корпорация
Kardiks,kardiks,26/4/2022 8:17:14 PM,"Большой купон на самоцветы",3,"Самоцветы",1080,Cryptic fix please,Бизнес Корпорация
Darkside,briko312,26/4/2022 8:00:58 PM,"Тэйский свиток",700,"Темные дары",17500,Cryptic fix please,Бизнес Корпорация
Darkside,briko312,26/4/2022 8:00:42 PM,"Тэйский шифр",80,"Темные дары",18000,Cryptic fix please,Бизнес Корпорация
Darkside,briko312,26/4/2022 8:00:17 PM,"Большой купон на темные дары",1,"Темные дары",940,Cryptic fix please,Бизнес Корпорация
Darkside,briko312,26/4/2022 8:00:06 PM,"Планы ордена громил",2000,"Украшения фэйри",10000,Cryptic fix please,Бизнес Корпорация
Darkside,briko312,26/4/2022 7:59:35 PM,"Дар Лину",70,"Сокровища Тирании",29050,Cryptic fix please,Бизнес Корпорация
Darkside,briko312,26/4/2022 7:59:12 PM,"Осколок стали из драконьей кузни",38,"Сокровища Тирании",38000,Cryptic fix please,Бизнес Корпорация
Darkside,briko312,26/4/2022 7:58:33 PM,"Монеты сокровищ дракона",2555,"Сокровища Тирании",12775,Cryptic fix please,Бизнес Корпорация
Darkside,briko312,26/4/2022 7:58:14 PM,"Слеза Аурил",12,"Замороженные сокровища",1080,Cryptic fix please,Бизнес Корпорация
Darkside,briko312,26/4/2022 7:58:09 PM,"Золото дворфов",15,"Замороженные сокровища",1350,Cryptic fix please,Бизнес Корпорация
Darkside,briko312,26/4/2022 7:57:20 PM,"Большой купон на самоцветы",18,"Самоцветы",6480,Cryptic fix please,Бизнес Корпорация
Darkside,briko312,26/4/2022 7:57:07 PM,"Черная жемчужина",99,"Самоцветы",990,Cryptic fix please,Бизнес Корпорация
Врединка,lili#6404,26/4/2022 6:49:24 PM,"Большой купон на темные дары",1,"Темные дары",940,Cryptic fix please,Бизнес Корпорация
Врединка,lili#6404,26/4/2022 6:49:16 PM,"Большой купон на сокровища Тирании",1,"Сокровища Тирании",3695,Cryptic fix please,Бизнес Корпорация
Врединка,lili#6404,26/4/2022 6:49:10 PM,"Черная жемчужина",99,"Самоцветы",990,Cryptic fix please,Бизнес Корпорация
Врединка,lili#6404,26/4/2022 6:49:06 PM,"Черная жемчужина",99,"Самоцветы",990,Cryptic fix please,Бизнес Корпорация
Врединка,lili#6404,26/4/2022 6:49:03 PM,"Большой купон на самоцветы",3,"Самоцветы",1080,Cryptic fix please,Бизнес Корпорация
Врединка,lili#6404,26/4/2022 6:48:59 PM,"Черный опал",94,"Самоцветы",9400,Cryptic fix please,Бизнес Корпорация
Врединка,lili#6404,26/4/2022 6:48:56 PM,"Аквамарин",2,"Самоцветы",30,Cryptic fix please,Бизнес Корпорация
Врединка,lili#6404,26/4/2022 6:48:53 PM,"Жадеит",6,"Самоцветы",1500,Cryptic fix please,Бизнес Корпорация
Врединка,lili#6404,26/4/2022 6:48:50 PM,"Изумруд",6,"Самоцветы",150,Cryptic fix please,Бизнес Корпорация
Врединка,lili#6404,26/4/2022 6:48:47 PM,"Хризолит",4,"Самоцветы",20,Cryptic fix please,Бизнес Корпорация
Врединка,lili#6404,26/4/2022 6:48:44 PM,"Кровавый рубин",4,"Самоцветы",2000,Cryptic fix please,Бизнес Корпорация
Врединка,lili#6404,26/4/2022 6:48:41 PM,"Жадеит",3,"Самоцветы",750,Cryptic fix please,Бизнес Корпорация
Врединка,lili#6404,26/4/2022 6:48:25 PM,"Осколок могущества знатока подземелий",530,"Осколок могущества знатока подземелий",530,Cryptic fix please,Бизнес Корпорация
Врединка,lili#6404,26/4/2022 6:48:07 PM,"Осколок могущества странника",20,"Осколок могущества странника",20,Cryptic fix please,Бизнес Корпорация
Врединка,lili#6404,26/4/2022 6:48:02 PM,"Героический осколок могущества",2,"Героический осколок могущества",2,Cryptic fix please,Бизнес Корпорация
ШрабикуS,sigimigipigi#2991,26/4/2022 3:08:54 PM,"Влияние",481,"Влияние",481,Cryptic fix please,Бизнес Корпорация
ШрабикуS,sigimigipigi#2991,26/4/2022 3:08:51 PM,"Влияние",999,"Влияние",999,Cryptic fix please,Бизнес Корпорация
ШрабикуS,sigimigipigi#2991,26/4/2022 3:08:47 PM,"Тэйский свиток",40,"Темные дары",1000,Cryptic fix please,Бизнес Корпорация
ШрабикуS,sigimigipigi#2991,26/4/2022 3:08:43 PM,"Краденые темные дары",1,"Темные дары",25,Cryptic fix please,Бизнес Корпорация
ШрабикуS,sigimigipigi#2991,26/4/2022 3:08:40 PM,"Сущность тьмы",240,"Украшения фэйри",1200,Cryptic fix please,Бизнес Корпорация
ШрабикуS,sigimigipigi#2991,26/4/2022 3:08:37 PM,"Краденые украшения фэйри",3,"Украшения фэйри",150,Cryptic fix please,Бизнес Корпорация
ШрабикуS,sigimigipigi#2991,26/4/2022 3:08:30 PM,"Слеза Аурил",5,"Замороженные сокровища",450,Cryptic fix please,Бизнес Корпорация
ШрабикуS,sigimigipigi#2991,26/4/2022 3:08:27 PM,"Краденые замороженные сокровища",2,"Замороженные сокровища",150,Cryptic fix please,Бизнес Корпорация
ШрабикуS,sigimigipigi#2991,26/4/2022 3:08:24 PM,"Монеты сокровищ дракона",100,"Сокровища Тирании",500,Cryptic fix please,Бизнес Корпорация
ШрабикуS,sigimigipigi#2991,26/4/2022 3:08:20 PM,"Осколок стали из драконьей кузни",1,"Сокровища Тирании",1000,Cryptic fix please,Бизнес Корпорация
ШрабикуS,sigimigipigi#2991,26/4/2022 3:08:17 PM,"Дар Лину",5,"Сокровища Тирании",2075,Cryptic fix please,Бизнес Корпорация
ШрабикуS,sigimigipigi#2991,26/4/2022 3:08:11 PM,"Краденые сокровища Тирании",3,"Сокровища Тирании",75,Cryptic fix please,Бизнес Корпорация
ШрабикуS,sigimigipigi#2991,26/4/2022 3:08:07 PM,"Осколок могущества знатока подземелий",120,"Осколок могущества знатока подземелий",120,Cryptic fix please,Бизнес Корпорация
ШрабикуS,sigimigipigi#2991,26/4/2022 3:08:04 PM,"Осколок могущества странника",40,"Осколок могущества странника",40,Cryptic fix please,Бизнес Корпорация
ШрабикуS,sigimigipigi#2991,26/4/2022 3:08:00 PM,"Героический осколок могущества",57,"Героический осколок могущества",57,Cryptic fix please,Бизнес Корпорация
wАХЕРОНw,naucon,26/4/2022 3:08:42 AM,"Большой купон на очки влияния",1,"Влияние",400,Cryptic fix please,Бизнес Корпорация
wАХЕРОНw,naucon,26/4/2022 3:08:38 AM,"Большой купон на темные дары",2,"Темные дары",1880,Cryptic fix please,Бизнес Корпорация
wАХЕРОНw,naucon,26/4/2022 3:08:30 AM,"Большой купон на замороженные сокровища",4,"Замороженные сокровища",3240,Cryptic fix please,Бизнес Корпорация
wАХЕРОНw,naucon,26/4/2022 3:08:19 AM,"Большой купон на самоцветы",1,"Самоцветы",360,Cryptic fix please,Бизнес Корпорация
Oddi,bonsa01,26/4/2022 12:26:31 AM,"Большой купон на самоцветы",1,"Самоцветы",360,Cryptic fix please,Бизнес Корпорация
Oddi,bonsa01,26/4/2022 12:21:07 AM,"Дар Лину",5,"Сокровища Тирании",2075,Cryptic fix please,Бизнес Корпорация
Oddi,bonsa01,26/4/2022 12:20:12 AM,"Осколок могущества знатока подземелий",30,"Осколок могущества знатока подземелий",30,Cryptic fix please,Бизнес Корпорация
Oddi,bonsa01,26/4/2022 12:02:37 AM,"Осколок могущества знатока подземелий",30,"Осколок могущества знатока подземелий",30,Cryptic fix please,Бизнес Корпорация
OlaKa,olyaka#8269,25/4/2022 11:48:02 PM,"Дар Лину",13,"Сокровища Тирании",5395,Cryptic fix please,Бизнес Корпорация
OlaKa,olyaka#8269,25/4/2022 11:47:44 PM,"Осколок могущества знатока подземелий",120,"Осколок могущества знатока подземелий",120,Cryptic fix please,Бизнес Корпорация
Tengen,nevername228,25/4/2022 9:13:28 PM,"Медь",40000,"Золото",4,Cryptic fix please,Бизнес Корпорация
Tengen,nevername228,25/4/2022 9:13:06 PM,"Медь",400000,"Золото",40,Cryptic fix please,Бизнес Корпорация
Лектор,toptoptop12,25/4/2022 9:11:34 PM,"Осколок могущества знатока подземелий",60,"Осколок могущества знатока подземелий",60,Cryptic fix please,Бизнес Корпорация
Исилиэль,olga79,25/4/2022 5:36:51 PM,"Осколок могущества знатока подземелий",15,"Осколок могущества знатока подземелий",15,Cryptic fix please,Бизнес Корпорация
Исилиэль,olga79,25/4/2022 5:11:08 PM,"Осколок могущества знатока подземелий",15,"Осколок могущества знатока подземелий",15,Cryptic fix please,Бизнес Корпорация
Исилиэль,olga79,24/4/2022 2:14:19 PM,"Осколок могущества знатока подземелий",30,"Осколок могущества знатока подземелий",30,Cryptic fix please,Бизнес Корпорация
Лектор,toptoptop12,23/4/2022 9:16:41 PM,"Осколок могущества знатока подземелий",30,"Осколок могущества знатока подземелий",30,Cryptic fix please,Бизнес Корпорация
Аннабель,natsu#0617,23/4/2022 8:40:58 PM,"Большой купон на очки влияния",2,"Влияние",800,Cryptic fix please,Бизнес Корпорация
Аннабель,natsu#0617,23/4/2022 8:40:53 PM,"Большой купон на темные дары",3,"Темные дары",2820,Cryptic fix please,Бизнес Корпорация
Аннабель,natsu#0617,23/4/2022 8:40:48 PM,"Большой купон на украшения фэйри",1,"Украшения фэйри",785,Cryptic fix please,Бизнес Корпорация
Аннабель,natsu#0617,23/4/2022 8:40:45 PM,"Большой купон на замороженные сокровища",1,"Замороженные сокровища",810,Cryptic fix please,Бизнес Корпорация
Аннабель,natsu#0617,23/4/2022 8:40:41 PM,"Большой купон на сокровища Тирании",2,"Сокровища Тирании",7390,Cryptic fix please,Бизнес Корпорация
Аннабель,natsu#0617,23/4/2022 8:40:34 PM,"Черная жемчужина",6,"Самоцветы",60,Cryptic fix please,Бизнес Корпорация
Исилиэль,olga79,23/4/2022 1:53:00 PM,"Осколок могущества знатока подземелий",15,"Осколок могущества знатока подземелий",15,Cryptic fix please,Бизнес Корпорация
Исилиэль,olga79,23/4/2022 12:17:43 PM,"Осколок могущества знатока подземелий",15,"Осколок могущества знатока подземелий",15,Cryptic fix please,Бизнес Корпорация
Лектор,toptoptop12,22/4/2022 8:50:19 PM,"Осколок могущества знатока подземелий",30,"Осколок могущества знатока подземелий",30,Cryptic fix please,Бизнес Корпорация
Исилиэль,olga79,22/4/2022 5:26:50 PM,"Осколок могущества знатока подземелий",15,"Осколок могущества знатока подземелий",15,Cryptic fix please,Бизнес Корпорация
Исилиэль,olga79,22/4/2022 4:41:10 PM,"Осколок могущества знатока подземелий",15,"Осколок могущества знатока подземелий",15,Cryptic fix please,Бизнес Корпорация
Oddi,bonsa01,22/4/2022 12:27:24 AM,"Осколок могущества знатока подземелий",30,"Осколок могущества знатока подземелий",30,Cryptic fix please,Бизнес Корпорация
Oddi,bonsa01,21/4/2022 11:42:57 PM,"Дар Лину",6,"Сокровища Тирании",2490,Cryptic fix please,Бизнес Корпорация
Oddi,bonsa01,21/4/2022 11:42:08 PM,"Большой купон на самоцветы",1,"Самоцветы",360,Cryptic fix please,Бизнес Корпорация
Лектор,toptoptop12,21/4/2022 9:15:03 PM,"Осколок могущества знатока подземелий",30,"Осколок могущества знатока подземелий",30,Cryptic fix please,Бизнес Корпорация
Исилиэль,olga79,21/4/2022 5:24:34 PM,"Осколок могущества знатока подземелий",30,"Осколок могущества знатока подземелий",30,Cryptic fix please,Бизнес Корпорация
Oddi,bonsa01,20/4/2022 10:39:39 PM,"Осколок могущества знатока подземелий",30,"Осколок могущества знатока подземелий",30,Cryptic fix please,Бизнес Корпорация
Лектор,toptoptop12,20/4/2022 8:47:01 PM,"Осколок могущества знатока подземелий",30,"Осколок могущества знатока подземелий",30,Cryptic fix please,Бизнес Корпорация
Исилиэль,olga79,20/4/2022 6:01:58 PM,"Осколок могущества знатока подземелий",30,"Осколок могущества знатока подземелий",30,Cryptic fix please,Бизнес Корпорация
Oddi,bonsa01,19/4/2022 10:49:20 PM,"Дар Лину",10,"Сокровища Тирании",4150,Cryptic fix please,Бизнес Корпорация
OlaKa,olyaka#8269,19/4/2022 9:04:41 PM,"Осколок могущества знатока подземелий",30,"Осколок могущества знатока подземелий",30,Cryptic fix please,Бизнес Корпорация
Лектор,toptoptop12,19/4/2022 9:02:01 PM,"Осколок могущества знатока подземелий",30,"Осколок могущества знатока подземелий",30,Cryptic fix please,Бизнес Корпорация
Исилиэль,olga79,19/4/2022 5:24:08 PM,"Осколок могущества знатока подземелий",30,"Осколок могущества знатока подземелий",30,Cryptic fix please,Бизнес Корпорация
Awareness,ndrw#6688,19/4/2022 3:14:16 PM,"Медь",9780000,"Золото",978,Cryptic fix please,Бизнес Корпорация
OlaKa,olyaka#8269,18/4/2022 9:48:01 PM,"Большой купон на самоцветы",1,"Самоцветы",360,Cryptic fix please,Бизнес Корпорация
Лектор,toptoptop12,18/4/2022 9:39:41 PM,"Большой купон на самоцветы",1,"Самоцветы",360,Cryptic fix please,Бизнес Корпорация
Лектор,toptoptop12,18/4/2022 9:37:40 PM,"Осколок могущества знатока подземелий",30,"Осколок могущества знатока подземелий",30,Cryptic fix please,Бизнес Корпорация
Исилиэль,olga79,18/4/2022 5:21:52 PM,"Осколок могущества знатока подземелий",30,"Осколок могущества знатока подземелий",30,Cryptic fix please,Бизнес Корпорация
Лектор,toptoptop12,17/4/2022 8:43:10 PM,"Осколок могущества знатока подземелий",30,"Осколок могущества знатока подземелий",30,Cryptic fix please,Бизнес Корпорация
Исилиэль,olga79,17/4/2022 4:36:47 PM,"Осколок могущества знатока подземелий",30,"Осколок могущества знатока подземелий",30,Cryptic fix please,Бизнес Корпорация
OlaKa,olyaka#8269,17/4/2022 12:39:45 PM,"Большой купон на самоцветы",2,"Самоцветы",720,Cryptic fix please,Бизнес Корпорация
OlaKa,olyaka#8269,17/4/2022 12:39:36 PM,"Осколок могущества знатока подземелий",30,"Осколок могущества знатока подземелий",30,Cryptic fix please,Бизнес Корпорация
wАХЕРОНw,naucon,17/4/2022 1:17:28 AM,"Большой купон на украшения фэйри",1,"Украшения фэйри",785,Cryptic fix please,Бизнес Корпорация
wАХЕРОНw,naucon,17/4/2022 1:17:22 AM,"Большой купон на очки влияния",1,"Влияние",400,Cryptic fix please,Бизнес Корпорация
wАХЕРОНw,naucon,17/4/2022 1:17:18 AM,"Большой купон на сокровища Тирании",1,"Сокровища Тирании",3695,Cryptic fix please,Бизнес Корпорация
wАХЕРОНw,naucon,17/4/2022 1:17:06 AM,"Большой купон на самоцветы",3,"Самоцветы",1080,Cryptic fix please,Бизнес Корпорация
Лектор,toptoptop12,16/4/2022 9:32:12 PM,"Осколок могущества знатока подземелий",30,"Осколок могущества знатока подземелий",30,Cryptic fix please,Бизнес Корпорация
Ulfang,ulfang#1795,16/4/2022 8:46:14 PM,"Малый купон на металл",1,"Металл",200,Коты Апокалипсиса,Бизнес Корпорация
Сибирь42,sibir42#2457,16/4/2022 8:20:11 PM,"Малый купон на самоцветы",1,"Самоцветы",90,Демоническая тень,Бизнес Корпорация
Лектор,toptoptop12,15/4/2022 9:31:14 PM,"Большой купон на самоцветы",1,"Самоцветы",360,Cryptic fix please,Бизнес Корпорация
Лектор,toptoptop12,15/4/2022 9:31:06 PM,"Осколок могущества знатока подземелий",30,"Осколок могущества знатока подземелий",30,Cryptic fix please,Бизнес Корпорация
ЖгИотДуIIIи,leon#5762,15/4/2022 7:57:59 PM,"Большой купон на очки влияния",2,"Влияние",800,Cryptic fix please,Бизнес Корпорация
ЖгИотДуIIIи,leon#5762,15/4/2022 7:57:56 PM,"Большой купон на темные дары",8,"Темные дары",7520,Cryptic fix please,Бизнес Корпорация
ЖгИотДуIIIи,leon#5762,15/4/2022 7:57:53 PM,"Большой купон на украшения фэйри",2,"Украшения фэйри",1570,Cryptic fix please,Бизнес Корпорация
ЖгИотДуIIIи,leon#5762,15/4/2022 7:57:50 PM,"Большой купон на замороженные сокровища",4,"Замороженные сокровища",3240,Cryptic fix please,Бизнес Корпорация
ЖгИотДуIIIи,leon#5762,15/4/2022 7:57:47 PM,"Большой купон на сокровища Тирании",4,"Сокровища Тирании",14780,Cryptic fix please,Бизнес Корпорация
Oddi,bonsa01,15/4/2022 7:01:29 PM,"Осколок могущества знатока подземелий",30,"Осколок могущества знатока подземелий",30,Cryptic fix please,Бизнес Корпорация
Исилиэль,olga79,15/4/2022 5:16:26 PM,"Осколок могущества знатока подземелий",30,"Осколок могущества знатока подземелий",30,Cryptic fix please,Бизнес Корпорация
Oddi,bonsa01,15/4/2022 1:05:19 PM,"Большой купон на сокровища Тирании",1,"Сокровища Тирании",3695,Cryptic fix please,Бизнес Корпорация
OlaKa,olyaka#8269,14/4/2022 9:05:34 PM,"Осколок могущества знатока подземелий",240,"Осколок могущества знатока подземелий",240,Cryptic fix please,Бизнес Корпорация
OlaKa,olyaka#8269,14/4/2022 9:05:29 PM,"Осколок могущества странника",10,"Осколок могущества странника",10,Cryptic fix please,Бизнес Корпорация
OlaKa,olyaka#8269,14/4/2022 9:05:21 PM,"Героический осколок могущества",4,"Героический осколок могущества",4,Cryptic fix please,Бизнес Корпорация
Исилиэль,olga79,14/4/2022 6:25:05 PM,"Осколок могущества знатока подземелий",30,"Осколок могущества знатока подземелий",30,Cryptic fix please,Бизнес Корпорация
ЖгИотДуIIIи,leon#5762,14/4/2022 1:33:06 PM,"Большой купон на очки влияния",2,"Влияние",800,Cryptic fix please,Бизнес Корпорация
ЖгИотДуIIIи,leon#5762,14/4/2022 1:33:01 PM,"Большой купон на замороженные сокровища",8,"Замороженные сокровища",6480,Cryptic fix please,Бизнес Корпорация
ЖгИотДуIIIи,leon#5762,14/4/2022 1:32:57 PM,"Большой купон на сокровища Тирании",6,"Сокровища Тирании",22170,Cryptic fix please,Бизнес Корпорация
ЖгИотДуIIIи,leon#5762,14/4/2022 1:32:49 PM,"Большой купон на самоцветы",1,"Самоцветы",360,Cryptic fix please,Бизнес Корпорация
ШрабикуS,sigimigipigi#2991,13/4/2022 10:31:44 PM,"Тэйский свиток",100,"Темные дары",2500,Cryptic fix please,Бизнес Корпорация
ШрабикуS,sigimigipigi#2991,13/4/2022 10:31:39 PM,"Планы ордена громил",70,"Украшения фэйри",350,Cryptic fix please,Бизнес Корпорация
ШрабикуS,sigimigipigi#2991,13/4/2022 10:31:35 PM,"Зелье нежити",670,"Украшения фэйри",3350,Cryptic fix please,Бизнес Корпорация
ШрабикуS,sigimigipigi#2991,13/4/2022 10:31:30 PM,"Сущность тьмы",720,"Украшения фэйри",3600,Cryptic fix please,Бизнес Корпорация
ШрабикуS,sigimigipigi#2991,13/4/2022 10:31:19 PM,"Монета Кенига",150,"Замороженные сокровища",2250,Cryptic fix please,Бизнес Корпорация
ШрабикуS,sigimigipigi#2991,13/4/2022 10:31:08 PM,"Дар Лину",4,"Сокровища Тирании",1660,Cryptic fix please,Бизнес Корпорация
ШрабикуS,sigimigipigi#2991,13/4/2022 10:31:03 PM,"Монеты сокровищ дракона",700,"Сокровища Тирании",3500,Cryptic fix please,Бизнес Корпорация
ШрабикуS,sigimigipigi#2991,13/4/2022 10:30:53 PM,"Осколок могущества знатока подземелий",60,"Осколок могущества знатока подземелий",60,Cryptic fix please,Бизнес Корпорация
Лектор,toptoptop12,13/4/2022 9:01:20 PM,"Осколок могущества знатока подземелий",60,"Осколок могущества знатока подземелий",60,Cryptic fix please,Бизнес Корпорация
Исилиэль,olga79,13/4/2022 5:33:50 PM,"Осколок могущества знатока подземелий",30,"Осколок могущества знатока подземелий",30,Cryptic fix please,Бизнес Корпорация
Oddi,bonsa01,13/4/2022 12:27:08 AM,"Осколок могущества знатока подземелий",30,"Осколок могущества знатока подземелий",30,Cryptic fix please,Бизнес Корпорация
Oddi,bonsa01,12/4/2022 11:14:49 PM,"Большой купон на самоцветы",1,"Самоцветы",360,Cryptic fix please,Бизнес Корпорация
Исилиэль,olga79,12/4/2022 5:45:21 PM,"Осколок могущества знатока подземелий",15,"Осколок могущества знатока подземелий",15,Cryptic fix please,Бизнес Корпорация
Исилиэль,olga79,12/4/2022 5:31:26 PM,"Осколок могущества знатока подземелий",15,"Осколок могущества знатока подземелий",15,Cryptic fix please,Бизнес Корпорация
Лектор,toptoptop12,11/4/2022 9:34:47 PM,"Осколок могущества знатока подземелий",30,"Осколок могущества знатока подземелий",30,Cryptic fix please,Бизнес Корпорация
Oddi,bonsa01,11/4/2022 7:52:41 PM,"Большой купон на замороженные сокровища",1,"Замороженные сокровища",810,Cryptic fix please,Бизнес Корпорация
Oddi,bonsa01,11/4/2022 7:52:24 PM,"Осколок могущества знатока подземелий",30,"Осколок могущества знатока подземелий",30,Cryptic fix please,Бизнес Корпорация
Исилиэль,olga79,11/4/2022 4:56:04 PM,"Осколок могущества знатока подземелий",30,"Осколок могущества знатока подземелий",30,Cryptic fix please,Бизнес Корпорация
Лектор,toptoptop12,10/4/2022 9:17:20 PM,"Осколок могущества знатока подземелий",30,"Осколок могущества знатока подземелий",30,Cryptic fix please,Бизнес Корпорация
Исилиэль,olga79,10/4/2022 3:31:17 PM,"Осколок могущества знатока подземелий",30,"Осколок могущества знатока подземелий",30,Cryptic fix please,Бизнес Корпорация
ЖгИотДуIIIи,leon#5762,10/4/2022 10:52:41 AM,"Большой купон на очки влияния",6,"Влияние",2400,Cryptic fix please,Бизнес Корпорация
ЖгИотДуIIIи,leon#5762,10/4/2022 10:52:37 AM,"Большой купон на украшения фэйри",2,"Украшения фэйри",1570,Cryptic fix please,Бизнес Корпорация
ЖгИотДуIIIи,leon#5762,10/4/2022 10:52:33 AM,"Большой купон на сокровища Тирании",2,"Сокровища Тирании",7390,Cryptic fix please,Бизнес Корпорация
Лектор,toptoptop12,9/4/2022 9:05:16 PM,"Осколок могущества знатока подземелий",30,"Осколок могущества знатока подземелий",30,Cryptic fix please,Бизнес Корпорация
Исилиэль,olga79,9/4/2022 4:44:12 PM,"Осколок могущества знатока подземелий",15,"Осколок могущества знатока подземелий",15,Cryptic fix please,Бизнес Корпорация
.Бу.,dikafau,9/4/2022 3:35:23 PM,"Большой купон на самоцветы",1,"Самоцветы",360,Cryptic fix please,Бизнес Корпорация
Лектор,toptoptop12,8/4/2022 9:17:01 PM,"Осколок могущества знатока подземелий",30,"Осколок могущества знатока подземелий",30,Cryptic fix please,Бизнес Корпорация
Oddi,bonsa01,8/4/2022 7:57:42 PM,"Большой купон на самоцветы",1,"Самоцветы",360,Cryptic fix please,Бизнес Корпорация
Oddi,bonsa01,8/4/2022 7:57:29 PM,"Большой купон на замороженные сокровища",1,"Замороженные сокровища",810,Cryptic fix please,Бизнес Корпорация
Oddi,bonsa01,8/4/2022 7:57:13 PM,"Осколок могущества знатока подземелий",60,"Осколок могущества знатока подземелий",60,Cryptic fix please,Бизнес Корпорация
Исилиэль,olga79,8/4/2022 5:46:44 PM,"Осколок могущества знатока подземелий",30,"Осколок могущества знатока подземелий",30,Cryptic fix please,Бизнес Корпорация
ЖгИотДуIIIи,leon#5762,8/4/2022 5:25:47 PM,"Большой купон на очки влияния",2,"Влияние",800,Cryptic fix please,Бизнес Корпорация
ЖгИотДуIIIи,leon#5762,8/4/2022 5:25:41 PM,"Большой купон на украшения фэйри",2,"Украшения фэйри",1570,Cryptic fix please,Бизнес Корпорация
ЖгИотДуIIIи,leon#5762,8/4/2022 5:25:37 PM,"Большой купон на замороженные сокровища",2,"Замороженные сокровища",1620,Cryptic fix please,Бизнес Корпорация
ЖгИотДуIIIи,leon#5762,8/4/2022 5:25:29 PM,"Большой купон на самоцветы",3,"Самоцветы",1080,Cryptic fix please,Бизнес Корпорация
Элефанто,elefanto#5179,7/4/2022 8:35:29 PM,"Хризолит",2,"Самоцветы",10,Коты Апокалипсиса,Бизнес Корпорация
Элефанто,elefanto#5179,7/4/2022 8:35:26 PM,"Хризолит",2,"Самоцветы",10,Коты Апокалипсиса,Бизнес Корпорация
Элефанто,elefanto#5179,7/4/2022 8:35:23 PM,"Черная жемчужина",4,"Самоцветы",40,Коты Апокалипсиса,Бизнес Корпорация
Элефанто,elefanto#5179,7/4/2022 8:35:19 PM,"Аквамарин",13,"Самоцветы",195,Коты Апокалипсиса,Бизнес Корпорация
Элефанто,elefanto#5179,7/4/2022 8:35:16 PM,"Черная жемчужина",99,"Самоцветы",990,Коты Апокалипсиса,Бизнес Корпорация
Элефанто,elefanto#5179,7/4/2022 8:35:12 PM,"Изумруд",3,"Самоцветы",75,Коты Апокалипсиса,Бизнес Корпорация
Элефанто,elefanto#5179,7/4/2022 8:35:09 PM,"Безупречный сапфир",12,"Самоцветы",600,Коты Апокалипсиса,Бизнес Корпорация
Элефанто,elefanto#5179,7/4/2022 8:35:04 PM,"Черный опал",4,"Самоцветы",400,Коты Апокалипсиса,Бизнес Корпорация
Элефанто,elefanto#5179,7/4/2022 8:34:55 PM,"Оловянная руда +1",5,"Товары для ремесленников",10,Коты Апокалипсиса,Бизнес Корпорация
Лектор,toptoptop12,7/4/2022 7:58:28 PM,"Осколок могущества знатока подземелий",30,"Осколок могущества знатока подземелий",30,Cryptic fix please,Бизнес Корпорация
Исилиэль,olga79,7/4/2022 5:34:15 PM,"Осколок могущества знатока подземелий",30,"Осколок могущества знатока подземелий",30,Cryptic fix please,Бизнес Корпорация
Лектор,toptoptop12,6/4/2022 9:03:50 PM,"Осколок могущества знатока подземелий",30,"Осколок могущества знатока подземелий",30,Cryptic fix please,Бизнес Корпорация
Исилиэль,olga79,6/4/2022 6:21:06 PM,"Осколок могущества знатока подземелий",30,"Осколок могущества знатока подземелий",30,Cryptic fix please,Бизнес Корпорация
Лектор,toptoptop12,5/4/2022 9:18:30 PM,"Осколок могущества знатока подземелий",30,"Осколок могущества знатока подземелий",30,Cryptic fix please,Бизнес Корпорация
Исилиэль,olga79,5/4/2022 6:08:19 PM,"Осколок могущества знатока подземелий",15,"Осколок могущества знатока подземелий",15,Cryptic fix please,Бизнес Корпорация
Росинка,kartava,5/4/2022 1:40:11 PM,"Большой купон на темные дары",1,"Темные дары",940,Cryptic fix please,Бизнес Корпорация
Росинка,kartava,5/4/2022 1:40:03 PM,"Большой купон на сокровища Тирании",2,"Сокровища Тирании",7390,Cryptic fix please,Бизнес Корпорация
Росинка,kartava,5/4/2022 1:39:44 PM,"Большой купон на самоцветы",13,"Самоцветы",4680,Cryptic fix please,Бизнес Корпорация
Oddi,bonsa01,4/4/2022 11:33:44 PM,"Большой купон на замороженные сокровища",2,"Замороженные сокровища",1620,Cryptic fix please,Бизнес Корпорация
Лектор,toptoptop12,4/4/2022 8:58:20 PM,"Большой купон на самоцветы",1,"Самоцветы",360,Cryptic fix please,Бизнес Корпорация
Лектор,toptoptop12,4/4/2022 8:57:35 PM,"Осколок могущества знатока подземелий",30,"Осколок могущества знатока подземелий",30,Cryptic fix please,Бизнес Корпорация
Исилиэль,olga79,4/4/2022 5:59:32 PM,"Осколок могущества знатока подземелий",30,"Осколок могущества знатока подземелий",30,Cryptic fix please,Бизнес Корпорация
OlaKa,olyaka#8269,3/4/2022 9:27:36 PM,"Осколок могущества знатока подземелий",90,"Осколок могущества знатока подземелий",90,Cryptic fix please,Бизнес Корпорация
Лектор,toptoptop12,3/4/2022 9:03:17 PM,"Осколок могущества знатока подземелий",30,"Осколок могущества знатока подземелий",30,Cryptic fix please,Бизнес Корпорация
ШрабикуS,sigimigipigi#2991,3/4/2022 6:58:41 PM,"Тэйский свиток",500,"Темные дары",12500,Cryptic fix please,Бизнес Корпорация
ШрабикуS,sigimigipigi#2991,3/4/2022 6:58:27 PM,"Осколок стали из драконьей кузни",2,"Сокровища Тирании",2000,Cryptic fix please,Бизнес Корпорация
ШрабикуS,sigimigipigi#2991,3/4/2022 6:58:22 PM,"Дар Лину",3,"Сокровища Тирании",1245,Cryptic fix please,Бизнес Корпорация
ШрабикуS,sigimigipigi#2991,3/4/2022 6:58:17 PM,"Страница магического знания",5,"Сокровища Тирании",475,Cryptic fix please,Бизнес Корпорация
ШрабикуS,sigimigipigi#2991,3/4/2022 6:58:09 PM,"Осколок могущества знатока подземелий",30,"Осколок могущества знатока подземелий",30,Cryptic fix please,Бизнес Корпорация
Исилиэль,olga79,3/4/2022 3:16:27 PM,"Осколок могущества знатока подземелий",30,"Осколок могущества знатока подземелий",30,Cryptic fix please,Бизнес Корпорация
Oddi,bonsa01,2/4/2022 11:29:27 PM,"Осколок могущества знатока подземелий",30,"Осколок могущества знатока подземелий",30,Cryptic fix please,Бизнес Корпорация
Лектор,toptoptop12,2/4/2022 9:09:14 PM,"Осколок могущества знатока подземелий",30,"Осколок могущества знатока подземелий",30,Cryptic fix please,Бизнес Корпорация
Oddi,bonsa01,2/4/2022 5:32:26 PM,"Дар Лину",10,"Сокровища Тирании",4150,Cryptic fix please,Бизнес Корпорация
Oddi,bonsa01,2/4/2022 5:31:50 PM,"Осколок могущества знатока подземелий",180,"Осколок могущества знатока подземелий",180,Cryptic fix please,Бизнес Корпорация
Лектор,toptoptop12,1/4/2022 9:10:15 PM,"Осколок могущества знатока подземелий",30,"Осколок могущества знатока подземелий",30,Cryptic fix please,Бизнес Корпорация
Врединка,lili#6404,31/3/2022 9:47:51 PM,"Влияние",999,"Влияние",999,Cryptic fix please,Бизнес Корпорация
Врединка,lili#6404,31/3/2022 9:47:45 PM,"Влияние",161,"Влияние",161,Cryptic fix please,Бизнес Корпорация
Врединка,lili#6404,31/3/2022 9:47:39 PM,"Краденые темные дары",3,"Темные дары",75,Cryptic fix please,Бизнес Корпорация
Врединка,lili#6404,31/3/2022 9:47:35 PM,"Краденые украшения фэйри",1,"Украшения фэйри",50,Cryptic fix please,Бизнес Корпорация
Врединка,lili#6404,31/3/2022 9:47:31 PM,"Краденые замороженные сокровища",5,"Замороженные сокровища",375,Cryptic fix please,Бизнес Корпорация
Врединка,lili#6404,31/3/2022 9:47:24 PM,"Черная жемчужина",30,"Самоцветы",300,Cryptic fix please,Бизнес Корпорация
Врединка,lili#6404,31/3/2022 9:47:20 PM,"Аквамарин",2,"Самоцветы",30,Cryptic fix please,Бизнес Корпорация
XAN,xan#8501,14/10/2018 3:57:35 PM,"Чалтийское знамя с вепрем",1,"Чалтийское знамя с вепрем",1,Legio'onis-N,Legio'onis-N
Dosy,dosy#0898,28/8/2018 7:47:59 PM,"Портрет «Баровийский монах»",1,"Портрет «Баровийский монах»",1,Legio'onis-N,Legio'onis-N
Dosy,dosy#0898,28/8/2018 7:47:50 PM,"Чалтийское знамя с леопардом",1,"Чалтийское знамя с леопардом",1,Legio'onis-N,Legio'onis-N
Dosy,dosy#0898,28/8/2018 7:47:48 PM,"Чалтийское знамя с вепрем",1,"Чалтийское знамя с вепрем",1,Legio'onis-N,Legio'onis-N
Алукард,garganta355,17/4/2018 7:59:06 PM,"Чалтийское знамя со стрекозой",1,"Чалтийское знамя со стрекозой",1,No Damage,No Damage
Алукард,garganta355,17/4/2018 7:59:03 PM,"Чалтийское знамя с леопардом",1,"Чалтийское знамя с леопардом",1,No Damage,No Damage
Алукард,garganta355,17/4/2018 7:59:00 PM,"Чалтийское знамя с вепрем",1,"Чалтийское знамя с вепрем",1,No Damage,No Damage
Алукард,garganta355,13/4/2018 10:01:33 PM,"Чалтийское знамя с леопардом",1,"Чалтийское знамя с леопардом",1,No Damage,No Damage
Алукард,garganta355,13/4/2018 10:01:29 PM,"Чалтийское знамя с вепрем",1,"Чалтийское знамя с вепрем",1,No Damage,No Damage
Чёртик_в_юбке,ksyn4ik,23/3/2018 8:56:24 PM,"Простой каменный камин",1,"Простой каменный камин",1,No Damage,No Damage
Чёртик_в_юбке,ksyn4ik,18/2/2018 2:57:38 PM,"Обеденный стол для таверны",1,"Обеденный стол для таверны",1,No Damage,No Damage
Чёртик_в_юбке,ksyn4ik,18/2/2018 2:57:35 PM,"Обеденный стол для таверны",1,"Обеденный стол для таверны",1,No Damage,No Damage
Чёртик_в_юбке,ksyn4ik,18/2/2018 12:48:38 AM,"Штандарт Протектора",1,"Штандарт Протектора",1,No Damage,No Damage
Чёртик_в_юбке,ksyn4ik,18/2/2018 12:48:36 AM,"Штандарт Протектора",1,"Штандарт Протектора",1,No Damage,No Damage
Чёртик_в_юбке,ksyn4ik,18/2/2018 12:48:30 AM,"Вымпел с гербом с боевой птицей",1,"Вымпел с гербом с боевой птицей",1,No Damage,No Damage
Чёртик_в_юбке,ksyn4ik,18/2/2018 12:46:01 AM,"Обеденный стол для таверны",1,"Обеденный стол для таверны",1,No Damage,No Damage
Чёртик_в_юбке,ksyn4ik,18/2/2018 12:45:58 AM,"Обеденный стол для таверны",1,"Обеденный стол для таверны",1,No Damage,No Damage
Чёртик_в_юбке,ksyn4ik,18/2/2018 12:44:28 AM,"Золотая чалтийская статуя",1,"Золотая чалтийская статуя",1,No Damage,No Damage
Чёртик_в_юбке,ksyn4ik,18/2/2018 12:44:26 AM,"Золотая чалтийская статуя",1,"Золотая чалтийская статуя",1,No Damage,No Damage
Чёртик_в_юбке,ksyn4ik,18/2/2018 12:41:47 AM,"Чалтийский канделябр",1,"Чалтийский канделябр",1,No Damage,No Damage
Чёртик_в_юбке,ksyn4ik,18/2/2018 12:41:45 AM,"Чалтийский канделябр",1,"Чалтийский канделябр",1,No Damage,No Damage
Чёртик_в_юбке,ksyn4ik,18/2/2018 12:41:43 AM,"Чалтийский канделябр",1,"Чалтийский канделябр",1,No Damage,No Damage
Чёртик_в_юбке,ksyn4ik,18/2/2018 12:41:19 AM,"Чалтийское знамя со стрекозой",1,"Чалтийское знамя со стрекозой",1,No Damage,No Damage
Чёртик_в_юбке,ksyn4ik,18/2/2018 12:41:16 AM,"Чалтийское знамя со стрекозой",1,"Чалтийское знамя со стрекозой",1,No Damage,No Damage
Чёртик_в_юбке,ksyn4ik,18/2/2018 12:41:15 AM,"Чалтийское знамя с леопардом",1,"Чалтийское знамя с леопардом",1,No Damage,No Damage
Чёртик_в_юбке,ksyn4ik,18/2/2018 12:41:12 AM,"Чалтийское знамя с леопардом",1,"Чалтийское знамя с леопардом",1,No Damage,No Damage
Чёртик_в_юбке,ksyn4ik,18/2/2018 12:41:10 AM,"Чалтийское знамя с леопардом",1,"Чалтийское знамя с леопардом",1,No Damage,No Damage
Чёртик_в_юбке,ksyn4ik,18/2/2018 12:41:09 AM,"Чалтийское знамя с леопардом",1,"Чалтийское знамя с леопардом",1,No Damage,No Damage
Чёртик_в_юбке,ksyn4ik,18/2/2018 12:40:54 AM,"Чалтийский канделябр",1,"Чалтийский канделябр",1,No Damage,No Damage
farik,farik48rus,13/1/2018 10:31:23 AM,"Маски батири",1,"Маски батири",1,No Damage,No Damage
farik,farik48rus,10/1/2018 7:08:39 PM,"Зимний теплый праздник",1,"Зимний теплый праздник",1,No Damage,No Damage
Mari Darksbane,kabanichee,28/12/2017 8:53:08 PM,"Зимний теплый праздник",1,"Зимний теплый праздник",1,No Damage,No Damage
Mari Darksbane,kabanichee,28/12/2017 8:53:05 PM,"Зимний теплый праздник",1,"Зимний теплый праздник",1,No Damage,No Damage
Mari Darksbane,kabanichee,28/12/2017 8:53:00 PM,"Зимний теплый праздник",1,"Зимний теплый праздник",1,No Damage,No Damage
Чёртик_в_юбке,ksyn4ik,26/11/2017 10:09:38 PM,"Портрет паладина",1,"Портрет паладина",1,Cohort 'XI,Cohort 'XI
Чёртик_в_юбке,ksyn4ik,26/11/2017 10:09:35 PM,"Портрет иллюзиониста",1,"Портрет иллюзиониста",1,Cohort 'XI,Cohort 'XI
Чёртик_в_юбке,ksyn4ik,26/11/2017 9:58:46 PM,"Золотая чалтийская статуя",1,"Золотая чалтийская статуя",1,Cohort 'XI,Cohort 'XI
Чёртик_в_юбке,ksyn4ik,26/11/2017 9:58:44 PM,"Золотая чалтийская статуя",1,"Золотая чалтийская статуя",1,Cohort 'XI,Cohort 'XI
Чёртик_в_юбке,ksyn4ik,26/11/2017 9:58:39 PM,"Сине-бело-черный штандарт",1,"Сине-бело-черный штандарт",1,Cohort 'XI,Cohort 'XI
Чёртик_в_юбке,ksyn4ik,26/11/2017 9:58:17 PM,"Экзотический чалтийский папоротник",1,"Экзотический чалтийский папоротник",1,Cohort 'XI,Cohort 'XI
Чёртик_в_юбке,ksyn4ik,26/11/2017 9:58:14 PM,"Портрет тифлингской женщины",1,"Портрет тифлингской женщины",1,Cohort 'XI,Cohort 'XI
Чёртик_в_юбке,ksyn4ik,26/11/2017 9:58:12 PM,"Портрет тифлингской женщины",1,"Портрет тифлингской женщины",1,Cohort 'XI,Cohort 'XI
Чёртик_в_юбке,ksyn4ik,26/11/2017 9:35:28 PM,"Золотая чалтийская статуя",1,"Золотая чалтийская статуя",1,Cohort 'XI,Cohort 'XI
Чёртик_в_юбке,ksyn4ik,26/11/2017 9:35:26 PM,"Золотая чалтийская статуя",1,"Золотая чалтийская статуя",1,Cohort 'XI,Cohort 'XI
Чёртик_в_юбке,ksyn4ik,26/11/2017 9:35:22 PM,"Штандарт Протектора",1,"Штандарт Протектора",1,Cohort 'XI,Cohort 'XI
Чёртик_в_юбке,ksyn4ik,26/11/2017 9:31:54 PM,"Штандарт Протектора",1,"Штандарт Протектора",1,Cohort 'XI,Cohort 'XI
Чёртик_в_юбке,ksyn4ik,26/11/2017 9:31:51 PM,"Штандарт Протектора",1,"Штандарт Протектора",1,Cohort 'XI,Cohort 'XI
Чёртик_в_юбке,ksyn4ik,26/11/2017 9:31:45 PM,"Стенд со стальным боевым топором",1,"Стенд со стальным боевым топором",1,Cohort 'XI,Cohort 'XI
Чёртик_в_юбке,ksyn4ik,26/11/2017 9:31:41 PM,"Экзотический чалтийский папоротник",1,"Экзотический чалтийский папоротник",1,Cohort 'XI,Cohort 'XI
Чёртик_в_юбке,ksyn4ik,26/11/2017 9:31:39 PM,"Экзотический чалтийский папоротник",1,"Экзотический чалтийский папоротник",1,Cohort 'XI,Cohort 'XI
Чёртик_в_юбке,ksyn4ik,26/11/2017 9:31:37 PM,"Экзотический чалтийский папоротник",1,"Экзотический чалтийский папоротник",1,Cohort 'XI,Cohort 'XI
Чёртик_в_юбке,ksyn4ik,26/11/2017 9:31:30 PM,"Маски батири",1,"Маски батири",1,Cohort 'XI,Cohort 'XI
Чёртик_в_юбке,ksyn4ik,26/11/2017 9:31:28 PM,"Маски батири",1,"Маски батири",1,Cohort 'XI,Cohort 'XI
Лиссандра Ти'шан,,15/7/2017 11:05:35 PM,"Простой летний пир",1,"Простой летний пир",1,Cohort 'XI,Cohort 'XI
Бро Навил,,11/7/2017 6:25:21 PM,"Простой летний пир",1,"Простой летний пир",1,Cohort 'XI,Cohort 'XI
Волд,,28/6/2017 4:40:20 PM,"Пир для праздника в честь юбилея",1,"Пир для праздника в честь юбилея",1,Cohort 'XI,Cohort 'XI
Волд,,28/6/2017 4:40:16 PM,"Пир для праздника в честь юбилея",1,"Пир для праздника в честь юбилея",1,Cohort 'XI,Cohort 'XI
